component_id	repository	source_commit	path	blob	content_sha256	component	normalized_component_sha256	normalized_assertion_identities	comparison_component	endpoint_scope	review_method	disposition	canonical_page	review_basis
HC000	libqtdevices	175e38f3b9fd751ec2c00ab09cc0aecae067f5b0	device_status.cpp	b18e08172849ca8a4428789ae9b1f456564756ba	3a352d74ca216f76ca596009694d8fddab918f1e6a2cf20f024c4ecb100a4f26	device_status_thermal_regulator::device_status_thermal_regulator	91d01fa262a2597ef7f5fa654be4310d8e1f35d056283db5d772fc89760fb763	-	-	removed-status-model	thermal-declaration/state-constructor-comparison	excluded	functional/who-4-temperature-control/dimensions.md	Removed thermal/probe/fan-coil cache defaults, enums and validation fields; constructor default/range changes and invalid OR guard do not establish device ranges, physical states or deployed Firmware
HC001	libqtdevices	175e38f3b9fd751ec2c00ab09cc0aecae067f5b0	device_status.cpp	b18e08172849ca8a4428789ae9b1f456564756ba	3a352d74ca216f76ca596009694d8fddab918f1e6a2cf20f024c4ecb100a4f26	device_status_thermal_regulator_4z::device_status_thermal_regulator_4z	6f4d991326ebaf5b067efa3cee266760846abf69a610c3b9c657ad37b999eed1	-	-	removed-status-model	thermal-declaration/state-constructor-comparison	excluded	functional/who-4-temperature-control/dimensions.md	Removed thermal/probe/fan-coil cache defaults, enums and validation fields; constructor default/range changes and invalid OR guard do not establish device ranges, physical states or deployed Firmware
HC002	libqtdevices	175e38f3b9fd751ec2c00ab09cc0aecae067f5b0	device_status.cpp	b18e08172849ca8a4428789ae9b1f456564756ba	3a352d74ca216f76ca596009694d8fddab918f1e6a2cf20f024c4ecb100a4f26	device_status_thermal_regulator_99z::device_status_thermal_regulator_99z	8777a012b42711b11085cfc0967f1f80704695e5b1c952d25c64ee75b968af57	-	-	removed-status-model	thermal-declaration/state-constructor-comparison	excluded	functional/who-4-temperature-control/dimensions.md	Removed thermal/probe/fan-coil cache defaults, enums and validation fields; constructor default/range changes and invalid OR guard do not establish device ranges, physical states or deployed Firmware
HC003	libqtdevices	175e38f3b9fd751ec2c00ab09cc0aecae067f5b0	device_status.cpp	b18e08172849ca8a4428789ae9b1f456564756ba	3a352d74ca216f76ca596009694d8fddab918f1e6a2cf20f024c4ecb100a4f26	device_status_temperature_probe::device_status_temperature_probe	880131601401b2e11b9797952f03d41971efbe1272964aa4bdf99ad3725cd86a	-	-	removed-status-model	thermal-declaration/state-constructor-comparison	excluded	functional/who-4-temperature-control/dimensions.md	Removed thermal/probe/fan-coil cache defaults, enums and validation fields; constructor default/range changes and invalid OR guard do not establish device ranges, physical states or deployed Firmware
HC004	libqtdevices	175e38f3b9fd751ec2c00ab09cc0aecae067f5b0	device_status.cpp	b18e08172849ca8a4428789ae9b1f456564756ba	3a352d74ca216f76ca596009694d8fddab918f1e6a2cf20f024c4ecb100a4f26	device_status_temperature_probe_extra::device_status_temperature_probe_extra	39cabd3413ffe0fa3730f8177e753bd23810675581be08886be60a435e1b5c76	-	-	removed-status-model	thermal-declaration/state-constructor-comparison	excluded	functional/who-4-temperature-control/dimensions.md	Removed thermal/probe/fan-coil cache defaults, enums and validation fields; constructor default/range changes and invalid OR guard do not establish device ranges, physical states or deployed Firmware
HC005	libqtdevices	175e38f3b9fd751ec2c00ab09cc0aecae067f5b0	device_status.cpp	b18e08172849ca8a4428789ae9b1f456564756ba	3a352d74ca216f76ca596009694d8fddab918f1e6a2cf20f024c4ecb100a4f26	device_status_fancoil::device_status_fancoil	11c444f3a48fae54b2c2bd88d243ab41972e6a6b3c848c35eb119067bff6953d	-	-	removed-status-model	thermal-declaration/state-constructor-comparison	excluded	functional/who-4-temperature-control/dimensions.md	Removed thermal/probe/fan-coil cache defaults, enums and validation fields; constructor default/range changes and invalid OR guard do not establish device ranges, physical states or deployed Firmware
HC006	libqtdevices	175e38f3b9fd751ec2c00ab09cc0aecae067f5b0	device_status.h	d09c91094c8db2cdd0f85a1ccf3c9cfa26fb4322	130ea89d711ecbbaa8799931dd7f158dcd85c813430c26d34d4a92ebcc56276b	outside	d768525a8771fae9167029ba518a09f466bab63109eb59dc7a0ce6275195e869	-	-	removed-status-model	thermal-declaration/state-constructor-comparison	excluded	functional/who-4-temperature-control/dimensions.md	Removed thermal/probe/fan-coil cache defaults, enums and validation fields; constructor default/range changes and invalid OR guard do not establish device ranges, physical states or deployed Firmware
HC007	libqtdevices	f2e1741540471f633bc29f21cc10f6d3430f2a1e	device_status.h	e976270d32895c4baabf68cf95b85fce83e3cfbe	073dc774a487b456934867c1ee68b6344a21752f25bb754a4390adfe64f1070e	outside	4e2b628ed6596250b5efa1b976726e3a78b81e4e4723c32b8ae41bbe5620b5a8	-	HC006	removed-status-model	thermal-declaration/state-constructor-comparison	excluded	functional/who-4-temperature-control/dimensions.md	Removed thermal/probe/fan-coil cache defaults, enums and validation fields; constructor default/range changes and invalid OR guard do not establish device ranges, physical states or deployed Firmware
HC008	libqtdevices	7d35d14056baa182201dc55d0025afea66eeb57a	device_status.cpp	609400cf0d19e94098bdd6eacd78e2c8f1039ab7	c468eb39c46c5569e715cfc3d3de327fe7900ae4cb0f5d48517856b5143cfc98	device_status_thermal_regulator::device_status_thermal_regulator	9474902e095082d65196a16c7bee910222cfa3cc836aad6283b3c7b42e8a9bf8	-	HC000	removed-status-model	thermal-declaration/state-constructor-comparison	excluded	functional/who-4-temperature-control/dimensions.md	Removed thermal/probe/fan-coil cache defaults, enums and validation fields; constructor default/range changes and invalid OR guard do not establish device ranges, physical states or deployed Firmware
HC009	libqtdevices	7d35d14056baa182201dc55d0025afea66eeb57a	device_status.cpp	609400cf0d19e94098bdd6eacd78e2c8f1039ab7	c468eb39c46c5569e715cfc3d3de327fe7900ae4cb0f5d48517856b5143cfc98	device_status_temperature_probe_extra::device_status_temperature_probe_extra	3046a626fb219893e03eb02bf0eedccbc0062ec24bd4c92928f2c82b0074f5b3	-	HC004	removed-status-model	thermal-declaration/state-constructor-comparison	excluded	functional/who-4-temperature-control/dimensions.md	Removed thermal/probe/fan-coil cache defaults, enums and validation fields; constructor default/range changes and invalid OR guard do not establish device ranges, physical states or deployed Firmware
HC010	libqtdevices	66e4936918ec44bebe6b24359a49841191009ea4	device_status.cpp	0baa609f73c76275253bd07efc698add280fc453	57835fbb7cf43fe58c576c61133a7df5886182b375c4f646bde457ae158e0ba7	device_status_thermal_regulator::device_status_thermal_regulator	26c45fce5a96753562e48d9d26f9e451001c9b398c20675600b9894b923ef471	-	HC008	removed-status-model	thermal-declaration/state-constructor-comparison	excluded	functional/who-4-temperature-control/dimensions.md	Removed thermal/probe/fan-coil cache defaults, enums and validation fields; constructor default/range changes and invalid OR guard do not establish device ranges, physical states or deployed Firmware
HC011	libqtdevices	66e4936918ec44bebe6b24359a49841191009ea4	device_status.cpp	0baa609f73c76275253bd07efc698add280fc453	57835fbb7cf43fe58c576c61133a7df5886182b375c4f646bde457ae158e0ba7	device_status_temperature_probe_extra::device_status_temperature_probe_extra	d7dd657ff9d74f0d54f0a45ecd13dc6330763bd76fbd7c71c18b53b3cff39aef	-	HC009	removed-status-model	thermal-declaration/state-constructor-comparison	excluded	functional/who-4-temperature-control/dimensions.md	Removed thermal/probe/fan-coil cache defaults, enums and validation fields; constructor default/range changes and invalid OR guard do not establish device ranges, physical states or deployed Firmware
HC012	libqtdevices	66e4936918ec44bebe6b24359a49841191009ea4	device_status.h	8e05989a4cb43b3e62c9f478b83527bfab16006d	ba8040f9028e5bdf5d687eb4f47e7b246b24c4166cdf6290e0670e2437d1c91e	outside	7a31700de8b05616a48a5a9f41c2a58ff53a8c4ec49919a6520d189ef62fe1bc	-	HC006	removed-status-model	thermal-declaration/state-constructor-comparison	excluded	functional/who-4-temperature-control/dimensions.md	Removed thermal/probe/fan-coil cache defaults, enums and validation fields; constructor default/range changes and invalid OR guard do not establish device ranges, physical states or deployed Firmware
HC013	libqtdevices	3c312ecfd1c4affb08a43d8a1bafce4845f88cda	device_status.cpp	184c197c185a92221a2c266fd1c60eafbf9a68e2	9b1d2da13866ee154e21652abfdcdb465ee6a6678b9a7e719e81365e396b3cfb	device_status_temperature_probe_extra::device_status_temperature_probe_extra	a7707f2c513267dec1e199944a0b325f6347d8580f2b56a03d9b423d580e9f36	-	HC011	removed-status-model	thermal-declaration/state-constructor-comparison	excluded	functional/who-4-temperature-control/dimensions.md	Removed thermal/probe/fan-coil cache defaults, enums and validation fields; constructor default/range changes and invalid OR guard do not establish device ranges, physical states or deployed Firmware
HC014	libqtdevices	3c312ecfd1c4affb08a43d8a1bafce4845f88cda	device_status.h	c67fded2a2066c97c6d671a8fe486f1eca41cde1	53cd2899997385e6b8d5f7874854a2327ea8c6c10a1521d4f63114dd1c4bf41b	outside	095fedcdb09210494b408828e7be9eefc8eb6c83d26505c2ced43464f8f68a94	-	HC006	removed-status-model	thermal-declaration/state-constructor-comparison	excluded	functional/who-4-temperature-control/dimensions.md	Removed thermal/probe/fan-coil cache defaults, enums and validation fields; constructor default/range changes and invalid OR guard do not establish device ranges, physical states or deployed Firmware
HC015	libqtdevices	745fce6e64f66c9e623a16606848b671b9fe94b4	device_status.cpp	5f512f9afd0fce3732886a027d197a87109798ec	956375d40b173d98e4870c7833f763f37574f2365c6412b31983b130c92ac119	device_status_thermal_regulator_4z::device_status_thermal_regulator_4z	87d037a2a473f0078cc9bffcfdabe3acca2303567f1f387a3a46bc4844614aca	-	HC001	removed-status-model	thermal-declaration/state-constructor-comparison	excluded	functional/who-4-temperature-control/dimensions.md	Removed thermal/probe/fan-coil cache defaults, enums and validation fields; constructor default/range changes and invalid OR guard do not establish device ranges, physical states or deployed Firmware
HC016	libqtdevices	745fce6e64f66c9e623a16606848b671b9fe94b4	device_status.cpp	5f512f9afd0fce3732886a027d197a87109798ec	956375d40b173d98e4870c7833f763f37574f2365c6412b31983b130c92ac119	device_status_thermal_regulator_99z::device_status_thermal_regulator_99z	8ec441fee24ab699fe68c1b711c97a5bef4676457d46fd17e31cd72d10e4664c	-	HC002	removed-status-model	thermal-declaration/state-constructor-comparison	excluded	functional/who-4-temperature-control/dimensions.md	Removed thermal/probe/fan-coil cache defaults, enums and validation fields; constructor default/range changes and invalid OR guard do not establish device ranges, physical states or deployed Firmware
HC017	libqtdevices	745fce6e64f66c9e623a16606848b671b9fe94b4	device_status.h	a70bacbb8ca3b1f83a66e08d9c1140414576dd04	7bd0118bd10efb94c1c1fd765630ac3f0ca3f8d8ab444bdc5c56d19d4160ab3c	outside	fe7f5307555a3d425f9b8e2797c9b742b94c62d6fb06c6a42840ade7163f5a24	-	HC012	removed-status-model	thermal-declaration/state-constructor-comparison	excluded	functional/who-4-temperature-control/dimensions.md	Removed thermal/probe/fan-coil cache defaults, enums and validation fields; constructor default/range changes and invalid OR guard do not establish device ranges, physical states or deployed Firmware
HC018	libqtdevices	d1da7e352c9554f8da2f19c29400de17b2459f69	device_status.cpp	09cfb517c61780f30d495ac2a4efb4ac0f56cc15	14d2c0b1b5b0fbcf19bde66acb7c1971b472e81f443da27917aa9e6eb36d2eb4	device_status_thermal_regulator::device_status_thermal_regulator	f21322d84f77edbd0ff356064e18cdf150daf4cfaf9c3d460389801d17b440c5	-	HC010	removed-status-model	thermal-declaration/state-constructor-comparison	excluded	functional/who-4-temperature-control/dimensions.md	Removed thermal/probe/fan-coil cache defaults, enums and validation fields; constructor default/range changes and invalid OR guard do not establish device ranges, physical states or deployed Firmware
HC019	libqtdevices	d1da7e352c9554f8da2f19c29400de17b2459f69	device_status.cpp	09cfb517c61780f30d495ac2a4efb4ac0f56cc15	14d2c0b1b5b0fbcf19bde66acb7c1971b472e81f443da27917aa9e6eb36d2eb4	device_status_thermal_regulator_99z::device_status_thermal_regulator_99z	3133ee2eaa29d8df95cf8ef3a25433d152356b561571ee146032640734fa7d6f	-	HC016	removed-status-model	thermal-declaration/state-constructor-comparison	excluded	functional/who-4-temperature-control/dimensions.md	Removed thermal/probe/fan-coil cache defaults, enums and validation fields; constructor default/range changes and invalid OR guard do not establish device ranges, physical states or deployed Firmware
HC020	libqtdevices	d1da7e352c9554f8da2f19c29400de17b2459f69	device_status.h	2c8bab41f43cc59d0da863168278f9651fc6281d	effcc9260a81114f5727bdbc81283d796a8d5670c4d008637da5c6b071e56e49	outside	97212a58fc69f8b7c2b76984301753d541a628aecc4deaaaac0ffc8a34b1bf5c	-	HC012	removed-status-model	thermal-declaration/state-constructor-comparison	excluded	functional/who-4-temperature-control/dimensions.md	Removed thermal/probe/fan-coil cache defaults, enums and validation fields; constructor default/range changes and invalid OR guard do not establish device ranges, physical states or deployed Firmware
HC021	libqtdevices	43fc1a19cf69ff81dc4c6953d657d2db2dad16d3	device_status.cpp	3843e75e9885dee7ffa8222dea8370abbc2ceacd	48b5c0f28fb0b853923911cfc6453ae6ef6bf1d519cb4feacc440db5bb5b9c2a	device_status_thermal_regulator_4z::device_status_thermal_regulator_4z	738a7765e6f588718226570a04a27095ea65d4c0ec5ac4011943fee91c5158b6	-	HC015	removed-status-model	thermal-declaration/state-constructor-comparison	excluded	functional/who-4-temperature-control/dimensions.md	Removed thermal/probe/fan-coil cache defaults, enums and validation fields; constructor default/range changes and invalid OR guard do not establish device ranges, physical states or deployed Firmware
HC022	libqtdevices	43fc1a19cf69ff81dc4c6953d657d2db2dad16d3	device_status.cpp	3843e75e9885dee7ffa8222dea8370abbc2ceacd	48b5c0f28fb0b853923911cfc6453ae6ef6bf1d519cb4feacc440db5bb5b9c2a	device_status_thermal_regulator_99z::device_status_thermal_regulator_99z	582c74a61cc87e3e39295c0266c35a344a85df6fffbfcc862273f25adde94bfd	-	HC016	removed-status-model	thermal-declaration/state-constructor-comparison	excluded	functional/who-4-temperature-control/dimensions.md	Removed thermal/probe/fan-coil cache defaults, enums and validation fields; constructor default/range changes and invalid OR guard do not establish device ranges, physical states or deployed Firmware
HC023	libqtdevices	43fc1a19cf69ff81dc4c6953d657d2db2dad16d3	device_status.h	021791d6294f211acfc6065b6b5b34fa5f995109	6caf05cbebf8bfefddc38ae4557e5498184b8ae4fed04480f71fa0ce4a54e802	outside	45ddebc6a87c41fd1e1eb14e8b161cb639ad86c007342c364e603f693e33595e	-	HC017	removed-status-model	thermal-declaration/state-constructor-comparison	excluded	functional/who-4-temperature-control/dimensions.md	Removed thermal/probe/fan-coil cache defaults, enums and validation fields; constructor default/range changes and invalid OR guard do not establish device ranges, physical states or deployed Firmware
HC024	libqtdevices	c8802e6e59836b07e24223a30973ff4e8075d2c7	device_status.h	bc1fdb7da87bbb8323af2f9768138eda858595a6	018376eb56ba36fd8b98723723263b68995adec6dec02f2a75b81568f9e1f41a	outside	a86d435b86da8dc345f261627ab8505affa39534d5df31ff17f5268f039c0785	-	HC007	removed-status-model	thermal-declaration/state-constructor-comparison	excluded	functional/who-4-temperature-control/dimensions.md	Removed thermal/probe/fan-coil cache defaults, enums and validation fields; constructor default/range changes and invalid OR guard do not establish device ranges, physical states or deployed Firmware
