repository	commit	parent_commit	path	before_blob	after_blob	before_sha256	after_sha256	before_scoped_view_sha256	after_scoped_view_sha256	review_method	disposition	review_basis
libqtcommon	adbbe8b7fa1f4965db9b40dea959d1ca2dc057a9	2db0f1b7259ef79e70145fda9c1b1a6e5133dceb	scaleconversion.cpp	0096a38f5c3d7dfbdc5f473655ec5aa7a49b24a5	327fd4ce5e73cc4cc3373fdd054eba8c906f6a5f	711a2c398013c2ed17228325a9ba7f6e7a6415b3e78eddcd82b0888baaf2d6a3	12f393549e5a0841b37c1b305f1cc2bd133f9606e3b53be47ed1e7af006bf8c4	2e554542a88159bc412e2bd4b97ed096eae77316877a9725a202385020eb9377	2e554542a88159bc412e2bd4b97ed096eae77316877a9725a202385020eb9377	full-scoped-helper-comparison	corroborates	Conversions use selected-scale tenths; time helpers wrap QTime; no independent scheduler/Firmware rule
libqtcommon	b261110213809c6bb6572c67d5ff586549d29258	3337afd4b4d4a3d52839105533a6a2880ae4964f	scaleconversion.h	b8306556c5df6e2e9f2c54153f0259f7bbd1b3a0	4a873bd5d2dae1be472c0576108fdd330b6e7323	755d6dcff9bf23c32b48319601732435c8d6e1e3fc080c582ffe20cf7091fdb3	c5baa7d3ba36c3ea28b28319c5f5624f8a58260d8cf1461cd31fb38850f6effb	e3b0c44298fc1c149afbf4c8996fb92427ae41e4649b934ca495991b7852b855	e3b0c44298fc1c149afbf4c8996fb92427ae41e4649b934ca495991b7852b855	full-scoped-helper-comparison	corroborates	Conversions use selected-scale tenths; time helpers wrap QTime; no independent scheduler/Firmware rule
libqtcommon	3a8f44ebfff35c130054c96d41b40606ac8ae993	17b909b5c76e57499869aa3e7b255283007f3714	scaleconversion.h	b8306556c5df6e2e9f2c54153f0259f7bbd1b3a0	4a873bd5d2dae1be472c0576108fdd330b6e7323	755d6dcff9bf23c32b48319601732435c8d6e1e3fc080c582ffe20cf7091fdb3	c5baa7d3ba36c3ea28b28319c5f5624f8a58260d8cf1461cd31fb38850f6effb	e3b0c44298fc1c149afbf4c8996fb92427ae41e4649b934ca495991b7852b855	e3b0c44298fc1c149afbf4c8996fb92427ae41e4649b934ca495991b7852b855	full-scoped-helper-comparison	corroborates	Conversions use selected-scale tenths; time helpers wrap QTime; no independent scheduler/Firmware rule
libqtcommon	e73d26b5e2f4b5d810ff18992c859a7eb1a7c9bf	6c1bcbe8694a401f23d62b12db3dd316fff8fea8	scaleconversion.h	b8306556c5df6e2e9f2c54153f0259f7bbd1b3a0	4a873bd5d2dae1be472c0576108fdd330b6e7323	755d6dcff9bf23c32b48319601732435c8d6e1e3fc080c582ffe20cf7091fdb3	c5baa7d3ba36c3ea28b28319c5f5624f8a58260d8cf1461cd31fb38850f6effb	e3b0c44298fc1c149afbf4c8996fb92427ae41e4649b934ca495991b7852b855	e3b0c44298fc1c149afbf4c8996fb92427ae41e4649b934ca495991b7852b855	full-scoped-helper-comparison	corroborates	Conversions use selected-scale tenths; time helpers wrap QTime; no independent scheduler/Firmware rule
libqtcommon	7676e7728593ca0bf41f4860e98e485ea0f1da98	fca8baf475f39259f11f1ad712af155fb81c9c4c	scaleconversion.h	b8306556c5df6e2e9f2c54153f0259f7bbd1b3a0	4a873bd5d2dae1be472c0576108fdd330b6e7323	755d6dcff9bf23c32b48319601732435c8d6e1e3fc080c582ffe20cf7091fdb3	c5baa7d3ba36c3ea28b28319c5f5624f8a58260d8cf1461cd31fb38850f6effb	e3b0c44298fc1c149afbf4c8996fb92427ae41e4649b934ca495991b7852b855	e3b0c44298fc1c149afbf4c8996fb92427ae41e4649b934ca495991b7852b855	full-scoped-helper-comparison	corroborates	Conversions use selected-scale tenths; time helpers wrap QTime; no independent scheduler/Firmware rule
libqtcommon	f1e99043eb390f71072158beac5202e3cbcd91dd	b5c084c3993bc63991d0d3089d24da7cd8376c09	scaleconversion.h	0c607457f68b4813351f3962b01ba2a86fa31853	b8306556c5df6e2e9f2c54153f0259f7bbd1b3a0	7459a886c8b1120314170662b2edc86723b1a905564745de6f11e797f47b6c3c	755d6dcff9bf23c32b48319601732435c8d6e1e3fc080c582ffe20cf7091fdb3	e3b0c44298fc1c149afbf4c8996fb92427ae41e4649b934ca495991b7852b855	e3b0c44298fc1c149afbf4c8996fb92427ae41e4649b934ca495991b7852b855	full-scoped-helper-comparison	corroborates	Conversions use selected-scale tenths; time helpers wrap QTime; no independent scheduler/Firmware rule
libqtcommon	cfb0aaf43986c4439e16573222004a7cc4c79c41	5209f1469be664289539fe6e9b00b4ed1bbca0a3	scaleconversion.h	0c607457f68b4813351f3962b01ba2a86fa31853	b8306556c5df6e2e9f2c54153f0259f7bbd1b3a0	7459a886c8b1120314170662b2edc86723b1a905564745de6f11e797f47b6c3c	755d6dcff9bf23c32b48319601732435c8d6e1e3fc080c582ffe20cf7091fdb3	e3b0c44298fc1c149afbf4c8996fb92427ae41e4649b934ca495991b7852b855	e3b0c44298fc1c149afbf4c8996fb92427ae41e4649b934ca495991b7852b855	full-scoped-helper-comparison	corroborates	Conversions use selected-scale tenths; time helpers wrap QTime; no independent scheduler/Firmware rule
libqtcommon	d72075286e3b66f7644661f45ac11c00e7ea0b2d	b5c084c3993bc63991d0d3089d24da7cd8376c09	scaleconversion.h	0c607457f68b4813351f3962b01ba2a86fa31853	b8306556c5df6e2e9f2c54153f0259f7bbd1b3a0	7459a886c8b1120314170662b2edc86723b1a905564745de6f11e797f47b6c3c	755d6dcff9bf23c32b48319601732435c8d6e1e3fc080c582ffe20cf7091fdb3	e3b0c44298fc1c149afbf4c8996fb92427ae41e4649b934ca495991b7852b855	e3b0c44298fc1c149afbf4c8996fb92427ae41e4649b934ca495991b7852b855	full-scoped-helper-comparison	corroborates	Conversions use selected-scale tenths; time helpers wrap QTime; no independent scheduler/Firmware rule
libqtcommon	87f6642a75fd144597fd9f541b5ad96107b0d91a	b449cf930924b81e461ce461c85ff234cba6565e	scaleconversion.cpp	3a3be84b57de49e5bfc0a4c0d02351f725f5b4f1	0096a38f5c3d7dfbdc5f473655ec5aa7a49b24a5	5c068afd0083f6df27d3f0e4f272c57821891f765ba73e9c9e87aa2b784de225	711a2c398013c2ed17228325a9ba7f6e7a6415b3e78eddcd82b0888baaf2d6a3	2e554542a88159bc412e2bd4b97ed096eae77316877a9725a202385020eb9377	2e554542a88159bc412e2bd4b97ed096eae77316877a9725a202385020eb9377	full-scoped-helper-comparison	corroborates	Conversions use selected-scale tenths; time helpers wrap QTime; no independent scheduler/Firmware rule
libqtcommon	87f6642a75fd144597fd9f541b5ad96107b0d91a	b449cf930924b81e461ce461c85ff234cba6565e	scaleconversion.h	589cde7a538c195ec4b0e9a809e7b5a00963f175	0c607457f68b4813351f3962b01ba2a86fa31853	a894d4ceb07b74a2eac914c1dd0a6d41f122e33161f66d9ed4a847c4510a6653	7459a886c8b1120314170662b2edc86723b1a905564745de6f11e797f47b6c3c	e3b0c44298fc1c149afbf4c8996fb92427ae41e4649b934ca495991b7852b855	e3b0c44298fc1c149afbf4c8996fb92427ae41e4649b934ca495991b7852b855	full-scoped-helper-comparison	corroborates	Conversions use selected-scale tenths; time helpers wrap QTime; no independent scheduler/Firmware rule
libqtcommon	79db14161c5cac3ca70df625a767b9f692b4ef5e	1f6abadea89d58e41b079aadde8d0531655801d4	scaleconversion.cpp	3a3be84b57de49e5bfc0a4c0d02351f725f5b4f1	0096a38f5c3d7dfbdc5f473655ec5aa7a49b24a5	5c068afd0083f6df27d3f0e4f272c57821891f765ba73e9c9e87aa2b784de225	711a2c398013c2ed17228325a9ba7f6e7a6415b3e78eddcd82b0888baaf2d6a3	2e554542a88159bc412e2bd4b97ed096eae77316877a9725a202385020eb9377	2e554542a88159bc412e2bd4b97ed096eae77316877a9725a202385020eb9377	full-scoped-helper-comparison	corroborates	Conversions use selected-scale tenths; time helpers wrap QTime; no independent scheduler/Firmware rule
libqtcommon	79db14161c5cac3ca70df625a767b9f692b4ef5e	1f6abadea89d58e41b079aadde8d0531655801d4	scaleconversion.h	589cde7a538c195ec4b0e9a809e7b5a00963f175	0c607457f68b4813351f3962b01ba2a86fa31853	a894d4ceb07b74a2eac914c1dd0a6d41f122e33161f66d9ed4a847c4510a6653	7459a886c8b1120314170662b2edc86723b1a905564745de6f11e797f47b6c3c	e3b0c44298fc1c149afbf4c8996fb92427ae41e4649b934ca495991b7852b855	e3b0c44298fc1c149afbf4c8996fb92427ae41e4649b934ca495991b7852b855	full-scoped-helper-comparison	corroborates	Conversions use selected-scale tenths; time helpers wrap QTime; no independent scheduler/Firmware rule
libqtcommon	eaeca565810c4312b3395900e97e58bd41b3a1e4	9d3046561702db215fe49e22f5de0d478cc6ff24	scaleconversion.cpp	3a3be84b57de49e5bfc0a4c0d02351f725f5b4f1	0096a38f5c3d7dfbdc5f473655ec5aa7a49b24a5	5c068afd0083f6df27d3f0e4f272c57821891f765ba73e9c9e87aa2b784de225	711a2c398013c2ed17228325a9ba7f6e7a6415b3e78eddcd82b0888baaf2d6a3	2e554542a88159bc412e2bd4b97ed096eae77316877a9725a202385020eb9377	2e554542a88159bc412e2bd4b97ed096eae77316877a9725a202385020eb9377	full-scoped-helper-comparison	corroborates	Conversions use selected-scale tenths; time helpers wrap QTime; no independent scheduler/Firmware rule
libqtcommon	eaeca565810c4312b3395900e97e58bd41b3a1e4	9d3046561702db215fe49e22f5de0d478cc6ff24	scaleconversion.h	589cde7a538c195ec4b0e9a809e7b5a00963f175	0c607457f68b4813351f3962b01ba2a86fa31853	a894d4ceb07b74a2eac914c1dd0a6d41f122e33161f66d9ed4a847c4510a6653	7459a886c8b1120314170662b2edc86723b1a905564745de6f11e797f47b6c3c	e3b0c44298fc1c149afbf4c8996fb92427ae41e4649b934ca495991b7852b855	e3b0c44298fc1c149afbf4c8996fb92427ae41e4649b934ca495991b7852b855	full-scoped-helper-comparison	corroborates	Conversions use selected-scale tenths; time helpers wrap QTime; no independent scheduler/Firmware rule
libqtcommon	24ad6fc0fbf3eca5ca3b6d782e746637f010a542	5e50110ee51d6d072e04357bd5c365581581b7ca	scaleconversion.cpp	3a3be84b57de49e5bfc0a4c0d02351f725f5b4f1	0096a38f5c3d7dfbdc5f473655ec5aa7a49b24a5	5c068afd0083f6df27d3f0e4f272c57821891f765ba73e9c9e87aa2b784de225	711a2c398013c2ed17228325a9ba7f6e7a6415b3e78eddcd82b0888baaf2d6a3	2e554542a88159bc412e2bd4b97ed096eae77316877a9725a202385020eb9377	2e554542a88159bc412e2bd4b97ed096eae77316877a9725a202385020eb9377	full-scoped-helper-comparison	corroborates	Conversions use selected-scale tenths; time helpers wrap QTime; no independent scheduler/Firmware rule
libqtcommon	24ad6fc0fbf3eca5ca3b6d782e746637f010a542	5e50110ee51d6d072e04357bd5c365581581b7ca	scaleconversion.h	589cde7a538c195ec4b0e9a809e7b5a00963f175	0c607457f68b4813351f3962b01ba2a86fa31853	a894d4ceb07b74a2eac914c1dd0a6d41f122e33161f66d9ed4a847c4510a6653	7459a886c8b1120314170662b2edc86723b1a905564745de6f11e797f47b6c3c	e3b0c44298fc1c149afbf4c8996fb92427ae41e4649b934ca495991b7852b855	e3b0c44298fc1c149afbf4c8996fb92427ae41e4649b934ca495991b7852b855	full-scoped-helper-comparison	corroborates	Conversions use selected-scale tenths; time helpers wrap QTime; no independent scheduler/Firmware rule
libqtcommon	ec6b41bf79e3ae25719fba8efe146a216521a14b	1e24a37a4035fa05647f1eef86f4152a8a9cc7a0	scaleconversion.cpp	3a3be84b57de49e5bfc0a4c0d02351f725f5b4f1	0096a38f5c3d7dfbdc5f473655ec5aa7a49b24a5	5c068afd0083f6df27d3f0e4f272c57821891f765ba73e9c9e87aa2b784de225	711a2c398013c2ed17228325a9ba7f6e7a6415b3e78eddcd82b0888baaf2d6a3	2e554542a88159bc412e2bd4b97ed096eae77316877a9725a202385020eb9377	2e554542a88159bc412e2bd4b97ed096eae77316877a9725a202385020eb9377	full-scoped-helper-comparison	corroborates	Conversions use selected-scale tenths; time helpers wrap QTime; no independent scheduler/Firmware rule
libqtcommon	ec6b41bf79e3ae25719fba8efe146a216521a14b	1e24a37a4035fa05647f1eef86f4152a8a9cc7a0	scaleconversion.h	589cde7a538c195ec4b0e9a809e7b5a00963f175	0c607457f68b4813351f3962b01ba2a86fa31853	a894d4ceb07b74a2eac914c1dd0a6d41f122e33161f66d9ed4a847c4510a6653	7459a886c8b1120314170662b2edc86723b1a905564745de6f11e797f47b6c3c	e3b0c44298fc1c149afbf4c8996fb92427ae41e4649b934ca495991b7852b855	e3b0c44298fc1c149afbf4c8996fb92427ae41e4649b934ca495991b7852b855	full-scoped-helper-comparison	corroborates	Conversions use selected-scale tenths; time helpers wrap QTime; no independent scheduler/Firmware rule
libqtcommon	9bc6bf47c79d6c661fcd0c58db7839520e5c5aa8	1b2896de3b563c1ab73d6fe7ce622e6167aa8bec	scaleconversion.cpp	3a3be84b57de49e5bfc0a4c0d02351f725f5b4f1	0096a38f5c3d7dfbdc5f473655ec5aa7a49b24a5	5c068afd0083f6df27d3f0e4f272c57821891f765ba73e9c9e87aa2b784de225	711a2c398013c2ed17228325a9ba7f6e7a6415b3e78eddcd82b0888baaf2d6a3	2e554542a88159bc412e2bd4b97ed096eae77316877a9725a202385020eb9377	2e554542a88159bc412e2bd4b97ed096eae77316877a9725a202385020eb9377	full-scoped-helper-comparison	corroborates	Conversions use selected-scale tenths; time helpers wrap QTime; no independent scheduler/Firmware rule
libqtcommon	9bc6bf47c79d6c661fcd0c58db7839520e5c5aa8	1b2896de3b563c1ab73d6fe7ce622e6167aa8bec	scaleconversion.h	589cde7a538c195ec4b0e9a809e7b5a00963f175	0c607457f68b4813351f3962b01ba2a86fa31853	a894d4ceb07b74a2eac914c1dd0a6d41f122e33161f66d9ed4a847c4510a6653	7459a886c8b1120314170662b2edc86723b1a905564745de6f11e797f47b6c3c	e3b0c44298fc1c149afbf4c8996fb92427ae41e4649b934ca495991b7852b855	e3b0c44298fc1c149afbf4c8996fb92427ae41e4649b934ca495991b7852b855	full-scoped-helper-comparison	corroborates	Conversions use selected-scale tenths; time helpers wrap QTime; no independent scheduler/Firmware rule
libqtcommon	5b2c7ddd09ed1af84f5c3572a1b421491b84fe56	5963317356a75832451de6fd33e5e6abb6e738aa	scaleconversion.cpp	2219276b4da0411260f9506098e1761c64a3bd3f	3a3be84b57de49e5bfc0a4c0d02351f725f5b4f1	5cbc49adf23a851b0410d13be8f6687650e65e8c7ada8221f4ecf5fc21ef31e7	5c068afd0083f6df27d3f0e4f272c57821891f765ba73e9c9e87aa2b784de225	2e554542a88159bc412e2bd4b97ed096eae77316877a9725a202385020eb9377	2e554542a88159bc412e2bd4b97ed096eae77316877a9725a202385020eb9377	full-scoped-helper-comparison	corroborates	Conversions use selected-scale tenths; time helpers wrap QTime; no independent scheduler/Firmware rule
libqtcommon	5b2c7ddd09ed1af84f5c3572a1b421491b84fe56	5963317356a75832451de6fd33e5e6abb6e738aa	scaleconversion.h	b42049fbce853179259e295c2682f446f04141bd	589cde7a538c195ec4b0e9a809e7b5a00963f175	44fb68a1cdd5798d12379212e003206f72cc6180c5236f331a43614a097f31eb	a894d4ceb07b74a2eac914c1dd0a6d41f122e33161f66d9ed4a847c4510a6653	e3b0c44298fc1c149afbf4c8996fb92427ae41e4649b934ca495991b7852b855	e3b0c44298fc1c149afbf4c8996fb92427ae41e4649b934ca495991b7852b855	full-scoped-helper-comparison	corroborates	Conversions use selected-scale tenths; time helpers wrap QTime; no independent scheduler/Firmware rule
libqtcommon	11b607b1abb0556e426dfbb05b463b0999627a24	e8a4c65ee1b2bbb7ee4c7621e21aac6dc442db2e	scaleconversion.cpp	1c33eb24f84c31760efd8171b96cbbd3b6377958	3a3be84b57de49e5bfc0a4c0d02351f725f5b4f1	4fc578c5789e26ab296e9b9252474f914b935feaadd379bab65eca3891534861	5c068afd0083f6df27d3f0e4f272c57821891f765ba73e9c9e87aa2b784de225	e7579f9bb1efc203d1130d0690fcb244cbbfb2990878e6d9a5d3a6c6d9c64141	2e554542a88159bc412e2bd4b97ed096eae77316877a9725a202385020eb9377	full-scoped-helper-comparison	corroborates	Conversions use selected-scale tenths; time helpers wrap QTime; no independent scheduler/Firmware rule
libqtcommon	7ef198e651a64e2ad417f299675887776935f030	e8a4c65ee1b2bbb7ee4c7621e21aac6dc442db2e	scaleconversion.cpp	1c33eb24f84c31760efd8171b96cbbd3b6377958	3a3be84b57de49e5bfc0a4c0d02351f725f5b4f1	4fc578c5789e26ab296e9b9252474f914b935feaadd379bab65eca3891534861	5c068afd0083f6df27d3f0e4f272c57821891f765ba73e9c9e87aa2b784de225	e7579f9bb1efc203d1130d0690fcb244cbbfb2990878e6d9a5d3a6c6d9c64141	2e554542a88159bc412e2bd4b97ed096eae77316877a9725a202385020eb9377	full-scoped-helper-comparison	corroborates	Conversions use selected-scale tenths; time helpers wrap QTime; no independent scheduler/Firmware rule
libqtcommon	5963317356a75832451de6fd33e5e6abb6e738aa	f12d1ff5f43258cf40640d2c04d7bec970bcd0df	scaleconversion.cpp	1c33eb24f84c31760efd8171b96cbbd3b6377958	2219276b4da0411260f9506098e1761c64a3bd3f	4fc578c5789e26ab296e9b9252474f914b935feaadd379bab65eca3891534861	5cbc49adf23a851b0410d13be8f6687650e65e8c7ada8221f4ecf5fc21ef31e7	e7579f9bb1efc203d1130d0690fcb244cbbfb2990878e6d9a5d3a6c6d9c64141	2e554542a88159bc412e2bd4b97ed096eae77316877a9725a202385020eb9377	full-scoped-helper-comparison	corroborates	Conversions use selected-scale tenths; time helpers wrap QTime; no independent scheduler/Firmware rule
libqtcommon	93b14b1b4f7c5279555993c4870fe71784978036	8ce1855e74395af4182d5c5ceb3a4d7a58ed4993	scaleconversion.h	b42049fbce853179259e295c2682f446f04141bd	589cde7a538c195ec4b0e9a809e7b5a00963f175	44fb68a1cdd5798d12379212e003206f72cc6180c5236f331a43614a097f31eb	a894d4ceb07b74a2eac914c1dd0a6d41f122e33161f66d9ed4a847c4510a6653	e3b0c44298fc1c149afbf4c8996fb92427ae41e4649b934ca495991b7852b855	e3b0c44298fc1c149afbf4c8996fb92427ae41e4649b934ca495991b7852b855	full-scoped-helper-comparison	corroborates	Conversions use selected-scale tenths; time helpers wrap QTime; no independent scheduler/Firmware rule
libqtcommon	f4d639209c02a79398ab4e5f9a61c7ab25017e22	8ce1855e74395af4182d5c5ceb3a4d7a58ed4993	scaleconversion.h	b42049fbce853179259e295c2682f446f04141bd	589cde7a538c195ec4b0e9a809e7b5a00963f175	44fb68a1cdd5798d12379212e003206f72cc6180c5236f331a43614a097f31eb	a894d4ceb07b74a2eac914c1dd0a6d41f122e33161f66d9ed4a847c4510a6653	e3b0c44298fc1c149afbf4c8996fb92427ae41e4649b934ca495991b7852b855	e3b0c44298fc1c149afbf4c8996fb92427ae41e4649b934ca495991b7852b855	full-scoped-helper-comparison	corroborates	Conversions use selected-scale tenths; time helpers wrap QTime; no independent scheduler/Firmware rule
libqtcommon	f12d1ff5f43258cf40640d2c04d7bec970bcd0df	a54c0e4b7a3618fa31663f1032e7fa0d20512d45	scaleconversion.cpp	0000000000000000000000000000000000000000	1c33eb24f84c31760efd8171b96cbbd3b6377958	-	4fc578c5789e26ab296e9b9252474f914b935feaadd379bab65eca3891534861	-	e7579f9bb1efc203d1130d0690fcb244cbbfb2990878e6d9a5d3a6c6d9c64141	full-scoped-helper-comparison	corroborates	Conversions use selected-scale tenths; time helpers wrap QTime; no independent scheduler/Firmware rule
libqtcommon	f12d1ff5f43258cf40640d2c04d7bec970bcd0df	a54c0e4b7a3618fa31663f1032e7fa0d20512d45	scaleconversion.h	0000000000000000000000000000000000000000	b42049fbce853179259e295c2682f446f04141bd	-	44fb68a1cdd5798d12379212e003206f72cc6180c5236f331a43614a097f31eb	-	e3b0c44298fc1c149afbf4c8996fb92427ae41e4649b934ca495991b7852b855	full-scoped-helper-comparison	corroborates	Conversions use selected-scale tenths; time helpers wrap QTime; no independent scheduler/Firmware rule
libqtcommon	aff751cd9368c0ca4f9371eb534506db79bfaa24	6052984aa8699cd9dc495f237b6155416add9d10	scaleconversion.cpp	926fa77e0b15cd811f3017ad9996f24efb3d8c1a	1c33eb24f84c31760efd8171b96cbbd3b6377958	5e4159f1f4923c6e9cf7d0df86c22b9540568117cf105bcf925e9d687f0f845a	4fc578c5789e26ab296e9b9252474f914b935feaadd379bab65eca3891534861	5138b2e2f1a8152d999a30369d1b0fcadd4e67988bf361f6bc98a31c93e5bc40	e7579f9bb1efc203d1130d0690fcb244cbbfb2990878e6d9a5d3a6c6d9c64141	full-scoped-helper-comparison	corroborates	Conversions use selected-scale tenths; time helpers wrap QTime; no independent scheduler/Firmware rule
libqtcommon	aff751cd9368c0ca4f9371eb534506db79bfaa24	6052984aa8699cd9dc495f237b6155416add9d10	scaleconversion.h	a719c826efc4b440fb3c4dcad93cb009082ffd2b	b42049fbce853179259e295c2682f446f04141bd	3a93f645160d83320b7744606a1f971fc6b452e7118eb3cffab73b32ce7a4c66	44fb68a1cdd5798d12379212e003206f72cc6180c5236f331a43614a097f31eb	e3b0c44298fc1c149afbf4c8996fb92427ae41e4649b934ca495991b7852b855	e3b0c44298fc1c149afbf4c8996fb92427ae41e4649b934ca495991b7852b855	full-scoped-helper-comparison	corroborates	Conversions use selected-scale tenths; time helpers wrap QTime; no independent scheduler/Firmware rule
libqtcommon	bac986dc7f331df73435953d344a715db76b9c26	c6ff194da7c04473be3ad41b0490ccc72122550c	scaleconversion.cpp	926fa77e0b15cd811f3017ad9996f24efb3d8c1a	1c33eb24f84c31760efd8171b96cbbd3b6377958	5e4159f1f4923c6e9cf7d0df86c22b9540568117cf105bcf925e9d687f0f845a	4fc578c5789e26ab296e9b9252474f914b935feaadd379bab65eca3891534861	5138b2e2f1a8152d999a30369d1b0fcadd4e67988bf361f6bc98a31c93e5bc40	e7579f9bb1efc203d1130d0690fcb244cbbfb2990878e6d9a5d3a6c6d9c64141	full-scoped-helper-comparison	corroborates	Conversions use selected-scale tenths; time helpers wrap QTime; no independent scheduler/Firmware rule
libqtcommon	bac986dc7f331df73435953d344a715db76b9c26	c6ff194da7c04473be3ad41b0490ccc72122550c	scaleconversion.h	a719c826efc4b440fb3c4dcad93cb009082ffd2b	b42049fbce853179259e295c2682f446f04141bd	3a93f645160d83320b7744606a1f971fc6b452e7118eb3cffab73b32ce7a4c66	44fb68a1cdd5798d12379212e003206f72cc6180c5236f331a43614a097f31eb	e3b0c44298fc1c149afbf4c8996fb92427ae41e4649b934ca495991b7852b855	e3b0c44298fc1c149afbf4c8996fb92427ae41e4649b934ca495991b7852b855	full-scoped-helper-comparison	corroborates	Conversions use selected-scale tenths; time helpers wrap QTime; no independent scheduler/Firmware rule
libqtcommon	ca3a32d808862836aebd5920436aca7a34a6f520	c6ff194da7c04473be3ad41b0490ccc72122550c	scaleconversion.cpp	926fa77e0b15cd811f3017ad9996f24efb3d8c1a	1c33eb24f84c31760efd8171b96cbbd3b6377958	5e4159f1f4923c6e9cf7d0df86c22b9540568117cf105bcf925e9d687f0f845a	4fc578c5789e26ab296e9b9252474f914b935feaadd379bab65eca3891534861	5138b2e2f1a8152d999a30369d1b0fcadd4e67988bf361f6bc98a31c93e5bc40	e7579f9bb1efc203d1130d0690fcb244cbbfb2990878e6d9a5d3a6c6d9c64141	full-scoped-helper-comparison	corroborates	Conversions use selected-scale tenths; time helpers wrap QTime; no independent scheduler/Firmware rule
libqtcommon	ca3a32d808862836aebd5920436aca7a34a6f520	c6ff194da7c04473be3ad41b0490ccc72122550c	scaleconversion.h	a719c826efc4b440fb3c4dcad93cb009082ffd2b	b42049fbce853179259e295c2682f446f04141bd	3a93f645160d83320b7744606a1f971fc6b452e7118eb3cffab73b32ce7a4c66	44fb68a1cdd5798d12379212e003206f72cc6180c5236f331a43614a097f31eb	e3b0c44298fc1c149afbf4c8996fb92427ae41e4649b934ca495991b7852b855	e3b0c44298fc1c149afbf4c8996fb92427ae41e4649b934ca495991b7852b855	full-scoped-helper-comparison	corroborates	Conversions use selected-scale tenths; time helpers wrap QTime; no independent scheduler/Firmware rule
libqtcommon	c6ff194da7c04473be3ad41b0490ccc72122550c	c22d7b1158aaa71435743426a1c8c3a6edb24f08	scaleconversion.cpp	0000000000000000000000000000000000000000	926fa77e0b15cd811f3017ad9996f24efb3d8c1a	-	5e4159f1f4923c6e9cf7d0df86c22b9540568117cf105bcf925e9d687f0f845a	-	5138b2e2f1a8152d999a30369d1b0fcadd4e67988bf361f6bc98a31c93e5bc40	full-scoped-helper-comparison	corroborates	Conversions use selected-scale tenths; time helpers wrap QTime; no independent scheduler/Firmware rule
libqtcommon	c6ff194da7c04473be3ad41b0490ccc72122550c	c22d7b1158aaa71435743426a1c8c3a6edb24f08	scaleconversion.h	0000000000000000000000000000000000000000	a719c826efc4b440fb3c4dcad93cb009082ffd2b	-	3a93f645160d83320b7744606a1f971fc6b452e7118eb3cffab73b32ce7a4c66	-	e3b0c44298fc1c149afbf4c8996fb92427ae41e4649b934ca495991b7852b855	full-scoped-helper-comparison	corroborates	Conversions use selected-scale tenths; time helpers wrap QTime; no independent scheduler/Firmware rule
libqtcommon	2a4f75763b307dee26dfc5f92232a9a9f05abdde	c22d7b1158aaa71435743426a1c8c3a6edb24f08	scaleconversion.cpp	0000000000000000000000000000000000000000	926fa77e0b15cd811f3017ad9996f24efb3d8c1a	-	5e4159f1f4923c6e9cf7d0df86c22b9540568117cf105bcf925e9d687f0f845a	-	5138b2e2f1a8152d999a30369d1b0fcadd4e67988bf361f6bc98a31c93e5bc40	full-scoped-helper-comparison	corroborates	Conversions use selected-scale tenths; time helpers wrap QTime; no independent scheduler/Firmware rule
libqtcommon	2a4f75763b307dee26dfc5f92232a9a9f05abdde	c22d7b1158aaa71435743426a1c8c3a6edb24f08	scaleconversion.h	0000000000000000000000000000000000000000	a719c826efc4b440fb3c4dcad93cb009082ffd2b	-	3a93f645160d83320b7744606a1f971fc6b452e7118eb3cffab73b32ce7a4c66	-	e3b0c44298fc1c149afbf4c8996fb92427ae41e4649b934ca495991b7852b855	full-scoped-helper-comparison	corroborates	Conversions use selected-scale tenths; time helpers wrap QTime; no independent scheduler/Firmware rule
BtExperience	4ad862bf301fd3e2ebe0b62233edfce803682294	120bb25a382dbef170d404ec716389e7745aa2f0	BtObjects/shared_functions.cpp	4fe63e60de5d9c5ef044a5db98d63f472897b7c2	7c62de18c3341517db602e1c8733c94ecbba9e43	4cda4b3fa1b66ef9dbdf5de03d4a6ba15028c7d124821a4acd9b0c9079dd7598	1a5d76fc718723eb9f0a2c03416f1319ad605756241a32ef589fe87f9b831b09	764e00fad6778f678c6e8defaeb01136b1cf536d8ae1edc98df0a445f85ab83b	764e00fad6778f678c6e8defaeb01136b1cf536d8ae1edc98df0a445f85ab83b	full-scoped-helper-comparison	corroborates	Conversions use selected-scale tenths; time helpers wrap QTime; no independent scheduler/Firmware rule
BtExperience	4ad862bf301fd3e2ebe0b62233edfce803682294	120bb25a382dbef170d404ec716389e7745aa2f0	BtObjects/shared_functions.h	4942ffeb09ef9fb7f95b8bd4c0f4457c3f2fc5eb	6a84393c95a268d5a00701b11ab62abac0d25a9e	bae151f843e28b003f3c4f8af9ffae06693cee2562efbfa3fe82f3dbfaa2b039	186f1ff6e3872828fd780d541036454937412313db2f03d9cec3993e642094f8	e3b0c44298fc1c149afbf4c8996fb92427ae41e4649b934ca495991b7852b855	e3b0c44298fc1c149afbf4c8996fb92427ae41e4649b934ca495991b7852b855	full-scoped-helper-comparison	corroborates	Conversions use selected-scale tenths; time helpers wrap QTime; no independent scheduler/Firmware rule
BtExperience	85004d9730d0c8288af38dd5fdc040ee90196a38	30843a43e0714cb29142cd8e5596c7bed253a9c3	BtObjects/shared_functions.cpp	0000000000000000000000000000000000000000	4fe63e60de5d9c5ef044a5db98d63f472897b7c2	-	4cda4b3fa1b66ef9dbdf5de03d4a6ba15028c7d124821a4acd9b0c9079dd7598	-	764e00fad6778f678c6e8defaeb01136b1cf536d8ae1edc98df0a445f85ab83b	full-scoped-helper-comparison	corroborates	Conversions use selected-scale tenths; time helpers wrap QTime; no independent scheduler/Firmware rule
BtExperience	85004d9730d0c8288af38dd5fdc040ee90196a38	30843a43e0714cb29142cd8e5596c7bed253a9c3	BtObjects/shared_functions.h	0000000000000000000000000000000000000000	4942ffeb09ef9fb7f95b8bd4c0f4457c3f2fc5eb	-	bae151f843e28b003f3c4f8af9ffae06693cee2562efbfa3fe82f3dbfaa2b039	-	e3b0c44298fc1c149afbf4c8996fb92427ae41e4649b934ca495991b7852b855	full-scoped-helper-comparison	corroborates	Conversions use selected-scale tenths; time helpers wrap QTime; no independent scheduler/Firmware rule
BtExperience	07e13bfba06e7249ead42fd96f8743b1115da51a	695b5992ddb6d9d0241a1f2599bd1eabecc07897	BtObjects/shared_functions.cpp	0000000000000000000000000000000000000000	4fe63e60de5d9c5ef044a5db98d63f472897b7c2	-	4cda4b3fa1b66ef9dbdf5de03d4a6ba15028c7d124821a4acd9b0c9079dd7598	-	764e00fad6778f678c6e8defaeb01136b1cf536d8ae1edc98df0a445f85ab83b	full-scoped-helper-comparison	corroborates	Conversions use selected-scale tenths; time helpers wrap QTime; no independent scheduler/Firmware rule
BtExperience	07e13bfba06e7249ead42fd96f8743b1115da51a	695b5992ddb6d9d0241a1f2599bd1eabecc07897	BtObjects/shared_functions.h	0000000000000000000000000000000000000000	4942ffeb09ef9fb7f95b8bd4c0f4457c3f2fc5eb	-	bae151f843e28b003f3c4f8af9ffae06693cee2562efbfa3fe82f3dbfaa2b039	-	e3b0c44298fc1c149afbf4c8996fb92427ae41e4649b934ca495991b7852b855	full-scoped-helper-comparison	corroborates	Conversions use selected-scale tenths; time helpers wrap QTime; no independent scheduler/Firmware rule
BtExperience	fab04f9b52b208a3b9fc0539610281c770bfac48	f2e22f2fdf7b9503def041b97fe7ae4bfe8ff652	BtObjects/shared_functions.cpp	0000000000000000000000000000000000000000	4fe63e60de5d9c5ef044a5db98d63f472897b7c2	-	4cda4b3fa1b66ef9dbdf5de03d4a6ba15028c7d124821a4acd9b0c9079dd7598	-	764e00fad6778f678c6e8defaeb01136b1cf536d8ae1edc98df0a445f85ab83b	full-scoped-helper-comparison	corroborates	Conversions use selected-scale tenths; time helpers wrap QTime; no independent scheduler/Firmware rule
BtExperience	fab04f9b52b208a3b9fc0539610281c770bfac48	f2e22f2fdf7b9503def041b97fe7ae4bfe8ff652	BtObjects/shared_functions.h	0000000000000000000000000000000000000000	4942ffeb09ef9fb7f95b8bd4c0f4457c3f2fc5eb	-	bae151f843e28b003f3c4f8af9ffae06693cee2562efbfa3fe82f3dbfaa2b039	-	e3b0c44298fc1c149afbf4c8996fb92427ae41e4649b934ca495991b7852b855	full-scoped-helper-comparison	corroborates	Conversions use selected-scale tenths; time helpers wrap QTime; no independent scheduler/Firmware rule
MyHomeSystemEmulator	4f93f44ee5ec7f89a3de9e040141755c847a5eda	e89f8ebe242adcfc160aef5b48b44f07abd79017	bt_GEN_DEV_PGIN/action.h	fa35bf614c11446c5f13615a8c0fd5e50a15f404	313f548658386a536932326ca414f3b3f7b24fd8	5e59b06dc1adafe0530b0f06bc6484ffc25817f3d8b3675299ddeb02a4098f96	46503a98b6b29e570881b4508b774e7d1e78a895ca1c52f84650ab54630109da	0b13032d521d7832cf72e3bafd4a39ce343ab00374a6571049900ce94b36f8e3	0b13032d521d7832cf72e3bafd4a39ce343ab00374a6571049900ce94b36f8e3	full-scoped-helper-comparison	excluded	Generic simulator message expansion, channels and repeat bounds; no physical scenario-controller guarantee
MyHomeSystemEmulator	4f93f44ee5ec7f89a3de9e040141755c847a5eda	e89f8ebe242adcfc160aef5b48b44f07abd79017	bt_GEN_DEV_PGIN/message.h	0bf8b2147288be4accf11855a30fdedec1889ddf	53b15c52a88262d207883426c1844f90b7df0e76	27470bb4afcb27b9f1e2829a23dff6375b1467b7ec23f480fb7c5dee912d43a9	55efab422af564a554eb022680a15b13f6eb7bd48618ea2fa97e34843b0b44ca	63cada4e800655ba3c064330384f57274dd52b62d9bc35d1142d53f4095fb0e4	63cada4e800655ba3c064330384f57274dd52b62d9bc35d1142d53f4095fb0e4	full-scoped-helper-comparison	excluded	Generic simulator message expansion, channels and repeat bounds; no physical scenario-controller guarantee
MyHomeSystemEmulator	56fbadd43020694bac572ea1229d1c27364ceaaf	4b825dc642cb6eb9a060e54bf8d69288fbee4904	bt_GEN_DEV_PGIN/action.h	0000000000000000000000000000000000000000	fa35bf614c11446c5f13615a8c0fd5e50a15f404	-	5e59b06dc1adafe0530b0f06bc6484ffc25817f3d8b3675299ddeb02a4098f96	-	0b13032d521d7832cf72e3bafd4a39ce343ab00374a6571049900ce94b36f8e3	full-scoped-helper-comparison	excluded	Generic simulator message expansion, channels and repeat bounds; no physical scenario-controller guarantee
MyHomeSystemEmulator	56fbadd43020694bac572ea1229d1c27364ceaaf	4b825dc642cb6eb9a060e54bf8d69288fbee4904	bt_GEN_DEV_PGIN/message.h	0000000000000000000000000000000000000000	0bf8b2147288be4accf11855a30fdedec1889ddf	-	27470bb4afcb27b9f1e2829a23dff6375b1467b7ec23f480fb7c5dee912d43a9	-	63cada4e800655ba3c064330384f57274dd52b62d9bc35d1142d53f4095fb0e4	full-scoped-helper-comparison	excluded	Generic simulator message expansion, channels and repeat bounds; no physical scenario-controller guarantee
