repository	revision	path	blob	file_sha256	symbol	start_line	end_line	assertion	assertion_sha256	examination_method	disposition	finding_ids	reason
BtExperience	b88cdac9665d28494f19d6a5d759acf8d5f00ad9	BtObjects/test/test_videodoorentry_objects.cpp	e49d3c200c8ebd70a086c902518a68c178081e2e	fb4c869e6860034b24b67b28b54d647b65d1fcc2bbf4378b30a7e898f14260d9	TestVideoDoorEntry::testIncomingCallNoAnswer	110	110	QCOMPARE	f410377c12c61bfe249c2e7439258594806346e6dd0458b819c8458ed2b7b5d8	test_expectation_inspection	corroborates	moc-e0161	Inspected expected call/model/mock outcome corroborates historical call model; no original test pass or physical hardware result claimed.
BtExperience	b88cdac9665d28494f19d6a5d759acf8d5f00ad9	BtObjects/test/test_videodoorentry_objects.cpp	e49d3c200c8ebd70a086c902518a68c178081e2e	fb4c869e6860034b24b67b28b54d647b65d1fcc2bbf4378b30a7e898f14260d9	TestVideoDoorEntry::testIncomingCallNoAnswer	113	113	QCOMPARE	f410377c12c61bfe249c2e7439258594806346e6dd0458b819c8458ed2b7b5d8	test_expectation_inspection	corroborates	moc-e0161	Inspected expected call/model/mock outcome corroborates historical call model; no original test pass or physical hardware result claimed.
BtExperience	b88cdac9665d28494f19d6a5d759acf8d5f00ad9	BtObjects/test/test_videodoorentry_objects.cpp	e49d3c200c8ebd70a086c902518a68c178081e2e	fb4c869e6860034b24b67b28b54d647b65d1fcc2bbf4378b30a7e898f14260d9	TestVideoDoorEntry::testIncomingCallNoAnswer	122	122	QCOMPARE	f410377c12c61bfe249c2e7439258594806346e6dd0458b819c8458ed2b7b5d8	test_expectation_inspection	corroborates	moc-e0161	Inspected expected call/model/mock outcome corroborates historical call model; no original test pass or physical hardware result claimed.
BtExperience	b88cdac9665d28494f19d6a5d759acf8d5f00ad9	BtObjects/test/test_videodoorentry_objects.cpp	e49d3c200c8ebd70a086c902518a68c178081e2e	fb4c869e6860034b24b67b28b54d647b65d1fcc2bbf4378b30a7e898f14260d9	TestVideoDoorEntry::testIncomingCallTerminatedByTalker	129	129	QCOMPARE	f410377c12c61bfe249c2e7439258594806346e6dd0458b819c8458ed2b7b5d8	test_expectation_inspection	corroborates	moc-e0161	Inspected expected call/model/mock outcome corroborates historical call model; no original test pass or physical hardware result claimed.
BtExperience	b88cdac9665d28494f19d6a5d759acf8d5f00ad9	BtObjects/test/test_videodoorentry_objects.cpp	e49d3c200c8ebd70a086c902518a68c178081e2e	fb4c869e6860034b24b67b28b54d647b65d1fcc2bbf4378b30a7e898f14260d9	TestVideoDoorEntry::testIncomingCallTerminatedByTalker	136	136	QCOMPARE	9b3fd8e9ec6fe6550658211e5a092a582ce01b3fb9cf24df4356f9ad8b84296a	test_expectation_inspection	corroborates	moc-e0161	Inspected expected call/model/mock outcome corroborates historical call model; no original test pass or physical hardware result claimed.
BtExperience	b88cdac9665d28494f19d6a5d759acf8d5f00ad9	BtObjects/test/test_videodoorentry_objects.cpp	e49d3c200c8ebd70a086c902518a68c178081e2e	fb4c869e6860034b24b67b28b54d647b65d1fcc2bbf4378b30a7e898f14260d9	TestVideoDoorEntry::testIncomingCallTerminatedByTalker	137	137	QCOMPARE	56911b871020cc5a18b0d3072028ece131a232703b4fd3ee397ce894407b54ae	test_expectation_inspection	corroborates	moc-e0161	Inspected expected call/model/mock outcome corroborates historical call model; no original test pass or physical hardware result claimed.
BtExperience	b88cdac9665d28494f19d6a5d759acf8d5f00ad9	BtObjects/test/test_videodoorentry_objects.cpp	e49d3c200c8ebd70a086c902518a68c178081e2e	fb4c869e6860034b24b67b28b54d647b65d1fcc2bbf4378b30a7e898f14260d9	TestVideoDoorEntry::testIncomingCallTerminatedByTalker	138	138	QCOMPARE	f410377c12c61bfe249c2e7439258594806346e6dd0458b819c8458ed2b7b5d8	test_expectation_inspection	corroborates	moc-e0161	Inspected expected call/model/mock outcome corroborates historical call model; no original test pass or physical hardware result claimed.
BtExperience	b88cdac9665d28494f19d6a5d759acf8d5f00ad9	BtObjects/test/test_videodoorentry_objects.cpp	e49d3c200c8ebd70a086c902518a68c178081e2e	fb4c869e6860034b24b67b28b54d647b65d1fcc2bbf4378b30a7e898f14260d9	TestVideoDoorEntry::testIncomingCallTerminatedByTalker	143	143	QCOMPARE	9b3fd8e9ec6fe6550658211e5a092a582ce01b3fb9cf24df4356f9ad8b84296a	test_expectation_inspection	corroborates	moc-e0161	Inspected expected call/model/mock outcome corroborates historical call model; no original test pass or physical hardware result claimed.
BtExperience	b88cdac9665d28494f19d6a5d759acf8d5f00ad9	BtObjects/test/test_videodoorentry_objects.cpp	e49d3c200c8ebd70a086c902518a68c178081e2e	fb4c869e6860034b24b67b28b54d647b65d1fcc2bbf4378b30a7e898f14260d9	TestVideoDoorEntry::testIncomingCallTerminatedByTalker	144	144	QCOMPARE	56911b871020cc5a18b0d3072028ece131a232703b4fd3ee397ce894407b54ae	test_expectation_inspection	corroborates	moc-e0161	Inspected expected call/model/mock outcome corroborates historical call model; no original test pass or physical hardware result claimed.
BtExperience	b88cdac9665d28494f19d6a5d759acf8d5f00ad9	BtObjects/test/test_videodoorentry_objects.cpp	e49d3c200c8ebd70a086c902518a68c178081e2e	fb4c869e6860034b24b67b28b54d647b65d1fcc2bbf4378b30a7e898f14260d9	TestVideoDoorEntry::testIncomingCallTerminatedByTalker	145	145	QCOMPARE	f410377c12c61bfe249c2e7439258594806346e6dd0458b819c8458ed2b7b5d8	test_expectation_inspection	corroborates	moc-e0161	Inspected expected call/model/mock outcome corroborates historical call model; no original test pass or physical hardware result claimed.
BtExperience	b88cdac9665d28494f19d6a5d759acf8d5f00ad9	BtObjects/test/test_videodoorentry_objects.cpp	e49d3c200c8ebd70a086c902518a68c178081e2e	fb4c869e6860034b24b67b28b54d647b65d1fcc2bbf4378b30a7e898f14260d9	TestVideoDoorEntry::testIncomingCallTerminatedByTalker	156	156	QCOMPARE	cb3bb675a0203d1ec5ed9498c2672bf0a4069582f4465bb9e66f74b1209e98ed	test_expectation_inspection	corroborates	moc-e0161	Inspected expected call/model/mock outcome corroborates historical call model; no original test pass or physical hardware result claimed.
BtExperience	b88cdac9665d28494f19d6a5d759acf8d5f00ad9	BtObjects/test/test_videodoorentry_objects.cpp	e49d3c200c8ebd70a086c902518a68c178081e2e	fb4c869e6860034b24b67b28b54d647b65d1fcc2bbf4378b30a7e898f14260d9	TestVideoDoorEntry::testIncomingCallTerminatedByTalker	157	157	QCOMPARE	9b3fd8e9ec6fe6550658211e5a092a582ce01b3fb9cf24df4356f9ad8b84296a	test_expectation_inspection	corroborates	moc-e0161	Inspected expected call/model/mock outcome corroborates historical call model; no original test pass or physical hardware result claimed.
BtExperience	b88cdac9665d28494f19d6a5d759acf8d5f00ad9	BtObjects/test/test_videodoorentry_objects.cpp	e49d3c200c8ebd70a086c902518a68c178081e2e	fb4c869e6860034b24b67b28b54d647b65d1fcc2bbf4378b30a7e898f14260d9	TestVideoDoorEntry::testIncomingCallTerminatedByTalker	158	158	QCOMPARE	56911b871020cc5a18b0d3072028ece131a232703b4fd3ee397ce894407b54ae	test_expectation_inspection	corroborates	moc-e0161	Inspected expected call/model/mock outcome corroborates historical call model; no original test pass or physical hardware result claimed.
BtExperience	b88cdac9665d28494f19d6a5d759acf8d5f00ad9	BtObjects/test/test_videodoorentry_objects.cpp	e49d3c200c8ebd70a086c902518a68c178081e2e	fb4c869e6860034b24b67b28b54d647b65d1fcc2bbf4378b30a7e898f14260d9	TestVideoDoorEntry::testIncomingCallTerminatedByTalker	159	159	QCOMPARE	f410377c12c61bfe249c2e7439258594806346e6dd0458b819c8458ed2b7b5d8	test_expectation_inspection	corroborates	moc-e0161	Inspected expected call/model/mock outcome corroborates historical call model; no original test pass or physical hardware result claimed.
BtExperience	b88cdac9665d28494f19d6a5d759acf8d5f00ad9	BtObjects/test/test_videodoorentry_objects.cpp	e49d3c200c8ebd70a086c902518a68c178081e2e	fb4c869e6860034b24b67b28b54d647b65d1fcc2bbf4378b30a7e898f14260d9	TestVideoDoorEntry::testIncomingCallTerminatedByTalker	170	170	QCOMPARE	0155186dab23ea2431fe1aeb14feb033dec7a1d3f7337e9dcb0502c1ecd117b6	test_expectation_inspection	corroborates	moc-e0161	Inspected expected call/model/mock outcome corroborates historical call model; no original test pass or physical hardware result claimed.
BtExperience	b88cdac9665d28494f19d6a5d759acf8d5f00ad9	BtObjects/test/test_videodoorentry_objects.cpp	e49d3c200c8ebd70a086c902518a68c178081e2e	fb4c869e6860034b24b67b28b54d647b65d1fcc2bbf4378b30a7e898f14260d9	TestVideoDoorEntry::testIncomingCallTerminatedByTalker	171	171	QCOMPARE	56911b871020cc5a18b0d3072028ece131a232703b4fd3ee397ce894407b54ae	test_expectation_inspection	corroborates	moc-e0161	Inspected expected call/model/mock outcome corroborates historical call model; no original test pass or physical hardware result claimed.
BtExperience	b88cdac9665d28494f19d6a5d759acf8d5f00ad9	BtObjects/test/test_videodoorentry_objects.cpp	e49d3c200c8ebd70a086c902518a68c178081e2e	fb4c869e6860034b24b67b28b54d647b65d1fcc2bbf4378b30a7e898f14260d9	TestVideoDoorEntry::testIncomingCallTerminatedByTalker	172	172	QCOMPARE	f410377c12c61bfe249c2e7439258594806346e6dd0458b819c8458ed2b7b5d8	test_expectation_inspection	corroborates	moc-e0161	Inspected expected call/model/mock outcome corroborates historical call model; no original test pass or physical hardware result claimed.
BtExperience	b88cdac9665d28494f19d6a5d759acf8d5f00ad9	BtObjects/test/test_videodoorentry_objects.cpp	e49d3c200c8ebd70a086c902518a68c178081e2e	fb4c869e6860034b24b67b28b54d647b65d1fcc2bbf4378b30a7e898f14260d9	TestVideoDoorEntry::testIncomingCallTerminatedByTouch	195	195	QCOMPARE	9b3fd8e9ec6fe6550658211e5a092a582ce01b3fb9cf24df4356f9ad8b84296a	test_expectation_inspection	corroborates	moc-e0161	Inspected expected call/model/mock outcome corroborates historical call model; no original test pass or physical hardware result claimed.
BtExperience	b88cdac9665d28494f19d6a5d759acf8d5f00ad9	BtObjects/test/test_videodoorentry_objects.cpp	e49d3c200c8ebd70a086c902518a68c178081e2e	fb4c869e6860034b24b67b28b54d647b65d1fcc2bbf4378b30a7e898f14260d9	TestVideoDoorEntry::testIncomingCallTerminatedByTouch	196	196	QCOMPARE	56911b871020cc5a18b0d3072028ece131a232703b4fd3ee397ce894407b54ae	test_expectation_inspection	corroborates	moc-e0161	Inspected expected call/model/mock outcome corroborates historical call model; no original test pass or physical hardware result claimed.
BtExperience	b88cdac9665d28494f19d6a5d759acf8d5f00ad9	BtObjects/test/test_videodoorentry_objects.cpp	e49d3c200c8ebd70a086c902518a68c178081e2e	fb4c869e6860034b24b67b28b54d647b65d1fcc2bbf4378b30a7e898f14260d9	TestVideoDoorEntry::testIncomingCallTerminatedByTouch	197	197	QCOMPARE	f410377c12c61bfe249c2e7439258594806346e6dd0458b819c8458ed2b7b5d8	test_expectation_inspection	corroborates	moc-e0161	Inspected expected call/model/mock outcome corroborates historical call model; no original test pass or physical hardware result claimed.
BtExperience	b88cdac9665d28494f19d6a5d759acf8d5f00ad9	BtObjects/test/test_videodoorentry_objects.cpp	e49d3c200c8ebd70a086c902518a68c178081e2e	fb4c869e6860034b24b67b28b54d647b65d1fcc2bbf4378b30a7e898f14260d9	TestVideoDoorEntry::testIncomingCallTerminatedByTouch	202	202	QCOMPARE	9b3fd8e9ec6fe6550658211e5a092a582ce01b3fb9cf24df4356f9ad8b84296a	test_expectation_inspection	corroborates	moc-e0161	Inspected expected call/model/mock outcome corroborates historical call model; no original test pass or physical hardware result claimed.
BtExperience	b88cdac9665d28494f19d6a5d759acf8d5f00ad9	BtObjects/test/test_videodoorentry_objects.cpp	e49d3c200c8ebd70a086c902518a68c178081e2e	fb4c869e6860034b24b67b28b54d647b65d1fcc2bbf4378b30a7e898f14260d9	TestVideoDoorEntry::testIncomingCallTerminatedByTouch	203	203	QCOMPARE	56911b871020cc5a18b0d3072028ece131a232703b4fd3ee397ce894407b54ae	test_expectation_inspection	corroborates	moc-e0161	Inspected expected call/model/mock outcome corroborates historical call model; no original test pass or physical hardware result claimed.
BtExperience	b88cdac9665d28494f19d6a5d759acf8d5f00ad9	BtObjects/test/test_videodoorentry_objects.cpp	e49d3c200c8ebd70a086c902518a68c178081e2e	fb4c869e6860034b24b67b28b54d647b65d1fcc2bbf4378b30a7e898f14260d9	TestVideoDoorEntry::testIncomingCallTerminatedByTouch	204	204	QCOMPARE	f410377c12c61bfe249c2e7439258594806346e6dd0458b819c8458ed2b7b5d8	test_expectation_inspection	corroborates	moc-e0161	Inspected expected call/model/mock outcome corroborates historical call model; no original test pass or physical hardware result claimed.
BtExperience	b88cdac9665d28494f19d6a5d759acf8d5f00ad9	BtObjects/test/test_videodoorentry_objects.cpp	e49d3c200c8ebd70a086c902518a68c178081e2e	fb4c869e6860034b24b67b28b54d647b65d1fcc2bbf4378b30a7e898f14260d9	TestVideoDoorEntry::testIncomingCallTerminatedByTouch	212	212	QCOMPARE	cb3bb675a0203d1ec5ed9498c2672bf0a4069582f4465bb9e66f74b1209e98ed	test_expectation_inspection	corroborates	moc-e0161	Inspected expected call/model/mock outcome corroborates historical call model; no original test pass or physical hardware result claimed.
BtExperience	b88cdac9665d28494f19d6a5d759acf8d5f00ad9	BtObjects/test/test_videodoorentry_objects.cpp	e49d3c200c8ebd70a086c902518a68c178081e2e	fb4c869e6860034b24b67b28b54d647b65d1fcc2bbf4378b30a7e898f14260d9	TestVideoDoorEntry::testIncomingCallTerminatedByTouch	213	213	QCOMPARE	9b3fd8e9ec6fe6550658211e5a092a582ce01b3fb9cf24df4356f9ad8b84296a	test_expectation_inspection	corroborates	moc-e0161	Inspected expected call/model/mock outcome corroborates historical call model; no original test pass or physical hardware result claimed.
BtExperience	b88cdac9665d28494f19d6a5d759acf8d5f00ad9	BtObjects/test/test_videodoorentry_objects.cpp	e49d3c200c8ebd70a086c902518a68c178081e2e	fb4c869e6860034b24b67b28b54d647b65d1fcc2bbf4378b30a7e898f14260d9	TestVideoDoorEntry::testIncomingCallTerminatedByTouch	214	214	QCOMPARE	56911b871020cc5a18b0d3072028ece131a232703b4fd3ee397ce894407b54ae	test_expectation_inspection	corroborates	moc-e0161	Inspected expected call/model/mock outcome corroborates historical call model; no original test pass or physical hardware result claimed.
BtExperience	b88cdac9665d28494f19d6a5d759acf8d5f00ad9	BtObjects/test/test_videodoorentry_objects.cpp	e49d3c200c8ebd70a086c902518a68c178081e2e	fb4c869e6860034b24b67b28b54d647b65d1fcc2bbf4378b30a7e898f14260d9	TestVideoDoorEntry::testIncomingCallTerminatedByTouch	215	215	QCOMPARE	f410377c12c61bfe249c2e7439258594806346e6dd0458b819c8458ed2b7b5d8	test_expectation_inspection	corroborates	moc-e0161	Inspected expected call/model/mock outcome corroborates historical call model; no original test pass or physical hardware result claimed.
BtExperience	b88cdac9665d28494f19d6a5d759acf8d5f00ad9	BtObjects/test/test_videodoorentry_objects.cpp	e49d3c200c8ebd70a086c902518a68c178081e2e	fb4c869e6860034b24b67b28b54d647b65d1fcc2bbf4378b30a7e898f14260d9	TestVideoDoorEntry::testIncomingCallTerminatedByTouch	218	218	QCOMPARE	f685c506d3a3a3f52f8428cedfa8d631117f0597d0b8334e00a657610916d6d8	test_expectation_inspection	corroborates	moc-e0161	Inspected expected call/model/mock outcome corroborates historical call model; no original test pass or physical hardware result claimed.
BtExperience	b88cdac9665d28494f19d6a5d759acf8d5f00ad9	BtObjects/test/test_videodoorentry_objects.cpp	e49d3c200c8ebd70a086c902518a68c178081e2e	fb4c869e6860034b24b67b28b54d647b65d1fcc2bbf4378b30a7e898f14260d9	TestVideoDoorEntry::testIncomingCallTerminatedByTouch	221	221	QCOMPARE	7058cafd069577b67a30da0f3422c6282a15cc6103f5b4f5816eb48bcaaef6b0	test_expectation_inspection	corroborates	moc-e0161	Inspected expected call/model/mock outcome corroborates historical call model; no original test pass or physical hardware result claimed.
BtExperience	b88cdac9665d28494f19d6a5d759acf8d5f00ad9	BtObjects/test/test_videodoorentry_objects.cpp	e49d3c200c8ebd70a086c902518a68c178081e2e	fb4c869e6860034b24b67b28b54d647b65d1fcc2bbf4378b30a7e898f14260d9	TestVideoDoorEntry::testIncomingCallTerminatedByTouch	222	222	QCOMPARE	0155186dab23ea2431fe1aeb14feb033dec7a1d3f7337e9dcb0502c1ecd117b6	test_expectation_inspection	corroborates	moc-e0161	Inspected expected call/model/mock outcome corroborates historical call model; no original test pass or physical hardware result claimed.
BtExperience	b88cdac9665d28494f19d6a5d759acf8d5f00ad9	BtObjects/test/test_videodoorentry_objects.cpp	e49d3c200c8ebd70a086c902518a68c178081e2e	fb4c869e6860034b24b67b28b54d647b65d1fcc2bbf4378b30a7e898f14260d9	TestVideoDoorEntry::testIncomingCallTerminatedByTouch	223	223	QCOMPARE	56911b871020cc5a18b0d3072028ece131a232703b4fd3ee397ce894407b54ae	test_expectation_inspection	corroborates	moc-e0161	Inspected expected call/model/mock outcome corroborates historical call model; no original test pass or physical hardware result claimed.
BtExperience	b88cdac9665d28494f19d6a5d759acf8d5f00ad9	BtObjects/test/test_videodoorentry_objects.cpp	e49d3c200c8ebd70a086c902518a68c178081e2e	fb4c869e6860034b24b67b28b54d647b65d1fcc2bbf4378b30a7e898f14260d9	TestVideoDoorEntry::testIncomingCallTerminatedByTouch	224	224	QCOMPARE	f410377c12c61bfe249c2e7439258594806346e6dd0458b819c8458ed2b7b5d8	test_expectation_inspection	corroborates	moc-e0161	Inspected expected call/model/mock outcome corroborates historical call model; no original test pass or physical hardware result claimed.
BtExperience	b88cdac9665d28494f19d6a5d759acf8d5f00ad9	BtObjects/test/test_videodoorentry_objects.cpp	e49d3c200c8ebd70a086c902518a68c178081e2e	fb4c869e6860034b24b67b28b54d647b65d1fcc2bbf4378b30a7e898f14260d9	TestVideoDoorEntry::testOutgoingCallTerminatedByTalker	245	245	QCOMPARE	e4d6cf69f0819fa1263ea7b063dd74ea79271721187db474703b3c0667133003	test_expectation_inspection	corroborates	moc-e0161	Inspected expected call/model/mock outcome corroborates historical call model; no original test pass or physical hardware result claimed.
BtExperience	b88cdac9665d28494f19d6a5d759acf8d5f00ad9	BtObjects/test/test_videodoorentry_objects.cpp	e49d3c200c8ebd70a086c902518a68c178081e2e	fb4c869e6860034b24b67b28b54d647b65d1fcc2bbf4378b30a7e898f14260d9	TestVideoDoorEntry::testOutgoingCallTerminatedByTalker	246	246	QCOMPARE	9b3fd8e9ec6fe6550658211e5a092a582ce01b3fb9cf24df4356f9ad8b84296a	test_expectation_inspection	corroborates	moc-e0161	Inspected expected call/model/mock outcome corroborates historical call model; no original test pass or physical hardware result claimed.
BtExperience	b88cdac9665d28494f19d6a5d759acf8d5f00ad9	BtObjects/test/test_videodoorentry_objects.cpp	e49d3c200c8ebd70a086c902518a68c178081e2e	fb4c869e6860034b24b67b28b54d647b65d1fcc2bbf4378b30a7e898f14260d9	TestVideoDoorEntry::testOutgoingCallTerminatedByTalker	247	247	QCOMPARE	56911b871020cc5a18b0d3072028ece131a232703b4fd3ee397ce894407b54ae	test_expectation_inspection	corroborates	moc-e0161	Inspected expected call/model/mock outcome corroborates historical call model; no original test pass or physical hardware result claimed.
BtExperience	b88cdac9665d28494f19d6a5d759acf8d5f00ad9	BtObjects/test/test_videodoorentry_objects.cpp	e49d3c200c8ebd70a086c902518a68c178081e2e	fb4c869e6860034b24b67b28b54d647b65d1fcc2bbf4378b30a7e898f14260d9	TestVideoDoorEntry::testOutgoingCallTerminatedByTalker	248	248	QCOMPARE	ac271d6fffe9f5d31c402b6976d2a0379712bd1c8b0d828ec8fc2798713c842c	test_expectation_inspection	corroborates	moc-e0161	Inspected expected call/model/mock outcome corroborates historical call model; no original test pass or physical hardware result claimed.
BtExperience	b88cdac9665d28494f19d6a5d759acf8d5f00ad9	BtObjects/test/test_videodoorentry_objects.cpp	e49d3c200c8ebd70a086c902518a68c178081e2e	fb4c869e6860034b24b67b28b54d647b65d1fcc2bbf4378b30a7e898f14260d9	TestVideoDoorEntry::testOutgoingCallTerminatedByTalker	256	256	QCOMPARE	9b3fd8e9ec6fe6550658211e5a092a582ce01b3fb9cf24df4356f9ad8b84296a	test_expectation_inspection	corroborates	moc-e0161	Inspected expected call/model/mock outcome corroborates historical call model; no original test pass or physical hardware result claimed.
BtExperience	b88cdac9665d28494f19d6a5d759acf8d5f00ad9	BtObjects/test/test_videodoorentry_objects.cpp	e49d3c200c8ebd70a086c902518a68c178081e2e	fb4c869e6860034b24b67b28b54d647b65d1fcc2bbf4378b30a7e898f14260d9	TestVideoDoorEntry::testOutgoingCallTerminatedByTalker	257	257	QCOMPARE	7b0f73610215af167e91856861d2b8fc7d24f6e5992d97e83499861831228a94	test_expectation_inspection	corroborates	moc-e0161	Inspected expected call/model/mock outcome corroborates historical call model; no original test pass or physical hardware result claimed.
BtExperience	b88cdac9665d28494f19d6a5d759acf8d5f00ad9	BtObjects/test/test_videodoorentry_objects.cpp	e49d3c200c8ebd70a086c902518a68c178081e2e	fb4c869e6860034b24b67b28b54d647b65d1fcc2bbf4378b30a7e898f14260d9	TestVideoDoorEntry::testOutgoingCallTerminatedByTalker	258	258	QCOMPARE	ac271d6fffe9f5d31c402b6976d2a0379712bd1c8b0d828ec8fc2798713c842c	test_expectation_inspection	corroborates	moc-e0161	Inspected expected call/model/mock outcome corroborates historical call model; no original test pass or physical hardware result claimed.
BtExperience	b88cdac9665d28494f19d6a5d759acf8d5f00ad9	BtObjects/test/test_videodoorentry_objects.cpp	e49d3c200c8ebd70a086c902518a68c178081e2e	fb4c869e6860034b24b67b28b54d647b65d1fcc2bbf4378b30a7e898f14260d9	TestVideoDoorEntry::testOutgoingCallTerminatedByTalker	263	263	QCOMPARE	7058cafd069577b67a30da0f3422c6282a15cc6103f5b4f5816eb48bcaaef6b0	test_expectation_inspection	corroborates	moc-e0161	Inspected expected call/model/mock outcome corroborates historical call model; no original test pass or physical hardware result claimed.
BtExperience	b88cdac9665d28494f19d6a5d759acf8d5f00ad9	BtObjects/test/test_videodoorentry_objects.cpp	e49d3c200c8ebd70a086c902518a68c178081e2e	fb4c869e6860034b24b67b28b54d647b65d1fcc2bbf4378b30a7e898f14260d9	TestVideoDoorEntry::testOutgoingCallTerminatedByTalker	264	264	QCOMPARE	0155186dab23ea2431fe1aeb14feb033dec7a1d3f7337e9dcb0502c1ecd117b6	test_expectation_inspection	corroborates	moc-e0161	Inspected expected call/model/mock outcome corroborates historical call model; no original test pass or physical hardware result claimed.
BtExperience	b88cdac9665d28494f19d6a5d759acf8d5f00ad9	BtObjects/test/test_videodoorentry_objects.cpp	e49d3c200c8ebd70a086c902518a68c178081e2e	fb4c869e6860034b24b67b28b54d647b65d1fcc2bbf4378b30a7e898f14260d9	TestVideoDoorEntry::testOutgoingCallTerminatedByTalker	265	265	QCOMPARE	56911b871020cc5a18b0d3072028ece131a232703b4fd3ee397ce894407b54ae	test_expectation_inspection	corroborates	moc-e0161	Inspected expected call/model/mock outcome corroborates historical call model; no original test pass or physical hardware result claimed.
BtExperience	b88cdac9665d28494f19d6a5d759acf8d5f00ad9	BtObjects/test/test_videodoorentry_objects.cpp	e49d3c200c8ebd70a086c902518a68c178081e2e	fb4c869e6860034b24b67b28b54d647b65d1fcc2bbf4378b30a7e898f14260d9	TestVideoDoorEntry::testOutgoingCallTerminatedByTalker	266	266	QCOMPARE	f410377c12c61bfe249c2e7439258594806346e6dd0458b819c8458ed2b7b5d8	test_expectation_inspection	corroborates	moc-e0161	Inspected expected call/model/mock outcome corroborates historical call model; no original test pass or physical hardware result claimed.
BtExperience	b88cdac9665d28494f19d6a5d759acf8d5f00ad9	BtObjects/test/test_videodoorentry_objects.cpp	e49d3c200c8ebd70a086c902518a68c178081e2e	fb4c869e6860034b24b67b28b54d647b65d1fcc2bbf4378b30a7e898f14260d9	TestVideoDoorEntry::testIgnoringFramesIfNotActive	278	278	QCOMPARE	0155186dab23ea2431fe1aeb14feb033dec7a1d3f7337e9dcb0502c1ecd117b6	test_expectation_inspection	corroborates	moc-e0161	Inspected expected call/model/mock outcome corroborates historical call model; no original test pass or physical hardware result claimed.
BtExperience	b88cdac9665d28494f19d6a5d759acf8d5f00ad9	BtObjects/test/test_videodoorentry_objects.cpp	e49d3c200c8ebd70a086c902518a68c178081e2e	fb4c869e6860034b24b67b28b54d647b65d1fcc2bbf4378b30a7e898f14260d9	TestVideoDoorEntry::testIgnoringFramesIfNotActive	279	279	QCOMPARE	f410377c12c61bfe249c2e7439258594806346e6dd0458b819c8458ed2b7b5d8	test_expectation_inspection	corroborates	moc-e0161	Inspected expected call/model/mock outcome corroborates historical call model; no original test pass or physical hardware result claimed.
BtExperience	b88cdac9665d28494f19d6a5d759acf8d5f00ad9	BtObjects/test/test_videodoorentry_objects.cpp	e49d3c200c8ebd70a086c902518a68c178081e2e	fb4c869e6860034b24b67b28b54d647b65d1fcc2bbf4378b30a7e898f14260d9	TestVideoDoorEntry::testIgnoringFramesIfNotActive	286	286	QCOMPARE	0155186dab23ea2431fe1aeb14feb033dec7a1d3f7337e9dcb0502c1ecd117b6	test_expectation_inspection	corroborates	moc-e0161	Inspected expected call/model/mock outcome corroborates historical call model; no original test pass or physical hardware result claimed.
BtExperience	b88cdac9665d28494f19d6a5d759acf8d5f00ad9	BtObjects/test/test_videodoorentry_objects.cpp	e49d3c200c8ebd70a086c902518a68c178081e2e	fb4c869e6860034b24b67b28b54d647b65d1fcc2bbf4378b30a7e898f14260d9	TestVideoDoorEntry::testIgnoringFramesIfNotActive	287	287	QCOMPARE	f410377c12c61bfe249c2e7439258594806346e6dd0458b819c8458ed2b7b5d8	test_expectation_inspection	corroborates	moc-e0161	Inspected expected call/model/mock outcome corroborates historical call model; no original test pass or physical hardware result claimed.
BtExperience	b88cdac9665d28494f19d6a5d759acf8d5f00ad9	BtObjects/test/test_videodoorentry_objects.cpp	e49d3c200c8ebd70a086c902518a68c178081e2e	fb4c869e6860034b24b67b28b54d647b65d1fcc2bbf4378b30a7e898f14260d9	TestVideoDoorEntry::testIgnoringFramesIfNotActive	296	296	QCOMPARE	0155186dab23ea2431fe1aeb14feb033dec7a1d3f7337e9dcb0502c1ecd117b6	test_expectation_inspection	corroborates	moc-e0161	Inspected expected call/model/mock outcome corroborates historical call model; no original test pass or physical hardware result claimed.
BtExperience	b88cdac9665d28494f19d6a5d759acf8d5f00ad9	BtObjects/test/test_videodoorentry_objects.cpp	e49d3c200c8ebd70a086c902518a68c178081e2e	fb4c869e6860034b24b67b28b54d647b65d1fcc2bbf4378b30a7e898f14260d9	TestVideoDoorEntry::testIgnoringFramesIfNotActive	297	297	QCOMPARE	f410377c12c61bfe249c2e7439258594806346e6dd0458b819c8458ed2b7b5d8	test_expectation_inspection	corroborates	moc-e0161	Inspected expected call/model/mock outcome corroborates historical call model; no original test pass or physical hardware result claimed.
BtExperience	b88cdac9665d28494f19d6a5d759acf8d5f00ad9	BtObjects/test/test_videodoorentry_objects.cpp	e49d3c200c8ebd70a086c902518a68c178081e2e	fb4c869e6860034b24b67b28b54d647b65d1fcc2bbf4378b30a7e898f14260d9	TestVideoDoorEntry::testIgnoringFramesIfNotActive	306	306	QCOMPARE	0155186dab23ea2431fe1aeb14feb033dec7a1d3f7337e9dcb0502c1ecd117b6	test_expectation_inspection	corroborates	moc-e0161	Inspected expected call/model/mock outcome corroborates historical call model; no original test pass or physical hardware result claimed.
BtExperience	b88cdac9665d28494f19d6a5d759acf8d5f00ad9	BtObjects/test/test_videodoorentry_objects.cpp	e49d3c200c8ebd70a086c902518a68c178081e2e	fb4c869e6860034b24b67b28b54d647b65d1fcc2bbf4378b30a7e898f14260d9	TestVideoDoorEntry::testIgnoringFramesIfNotActive	307	307	QCOMPARE	f410377c12c61bfe249c2e7439258594806346e6dd0458b819c8458ed2b7b5d8	test_expectation_inspection	corroborates	moc-e0161	Inspected expected call/model/mock outcome corroborates historical call model; no original test pass or physical hardware result claimed.
BtExperience	b88cdac9665d28494f19d6a5d759acf8d5f00ad9	BtObjects/test/test_videodoorentry_objects.cpp	e49d3c200c8ebd70a086c902518a68c178081e2e	fb4c869e6860034b24b67b28b54d647b65d1fcc2bbf4378b30a7e898f14260d9	TestVideoDoorEntry::testIgnoringFramesIfNotActive	308	308	QCOMPARE	7058cafd069577b67a30da0f3422c6282a15cc6103f5b4f5816eb48bcaaef6b0	test_expectation_inspection	corroborates	moc-e0161	Inspected expected call/model/mock outcome corroborates historical call model; no original test pass or physical hardware result claimed.
BtExperience	b88cdac9665d28494f19d6a5d759acf8d5f00ad9	BtObjects/test/test_videodoorentry_objects.cpp	e49d3c200c8ebd70a086c902518a68c178081e2e	fb4c869e6860034b24b67b28b54d647b65d1fcc2bbf4378b30a7e898f14260d9	TestVideoDoorEntry::testRingtone	325	325	QCOMPARE	3f0034fbf4d5ea78ba935fd506efe9e3bb98a662633309d44d87640981c7ed56	test_expectation_inspection	corroborates	moc-e0161	Inspected expected call/model/mock outcome corroborates historical call model; no original test pass or physical hardware result claimed.
BtExperience	b88cdac9665d28494f19d6a5d759acf8d5f00ad9	BtObjects/test/test_videodoorentry_objects.cpp	e49d3c200c8ebd70a086c902518a68c178081e2e	fb4c869e6860034b24b67b28b54d647b65d1fcc2bbf4378b30a7e898f14260d9	TestVideoDoorEntry::testRingtone	331	331	QCOMPARE	3f0034fbf4d5ea78ba935fd506efe9e3bb98a662633309d44d87640981c7ed56	test_expectation_inspection	corroborates	moc-e0161	Inspected expected call/model/mock outcome corroborates historical call model; no original test pass or physical hardware result claimed.
BtExperience	b88cdac9665d28494f19d6a5d759acf8d5f00ad9	BtObjects/test/test_videodoorentry_objects.cpp	e49d3c200c8ebd70a086c902518a68c178081e2e	fb4c869e6860034b24b67b28b54d647b65d1fcc2bbf4378b30a7e898f14260d9	TestVideoDoorEntry::testRingtone	338	338	QCOMPARE	f9d0f384c95f964fc50f6e3f0a5d5a80282a205f651845906366da692f6ac80d	test_expectation_inspection	corroborates	moc-e0161	Inspected expected call/model/mock outcome corroborates historical call model; no original test pass or physical hardware result claimed.
BtExperience	b88cdac9665d28494f19d6a5d759acf8d5f00ad9	BtObjects/test/test_videodoorentry_objects.cpp	e49d3c200c8ebd70a086c902518a68c178081e2e	fb4c869e6860034b24b67b28b54d647b65d1fcc2bbf4378b30a7e898f14260d9	TestVideoDoorEntry::testRingtone	345	345	QCOMPARE	5c0ba21f7512003a5e00a1e9ed92677e6c643bcdb3f716d36e7ec39c5d15cb9d	test_expectation_inspection	corroborates	moc-e0161	Inspected expected call/model/mock outcome corroborates historical call model; no original test pass or physical hardware result claimed.
BtExperience	b88cdac9665d28494f19d6a5d759acf8d5f00ad9	BtObjects/test/test_videodoorentry_objects.cpp	e49d3c200c8ebd70a086c902518a68c178081e2e	fb4c869e6860034b24b67b28b54d647b65d1fcc2bbf4378b30a7e898f14260d9	TestVideoDoorEntry::testRingtone	352	352	QCOMPARE	5c0ba21f7512003a5e00a1e9ed92677e6c643bcdb3f716d36e7ec39c5d15cb9d	test_expectation_inspection	corroborates	moc-e0161	Inspected expected call/model/mock outcome corroborates historical call model; no original test pass or physical hardware result claimed.
BtExperience	b88cdac9665d28494f19d6a5d759acf8d5f00ad9	BtObjects/test/test_videodoorentry_objects.cpp	e49d3c200c8ebd70a086c902518a68c178081e2e	fb4c869e6860034b24b67b28b54d647b65d1fcc2bbf4378b30a7e898f14260d9	TestVideoDoorEntry::testOutgoingPagerCall	366	366	QCOMPARE	9b3fd8e9ec6fe6550658211e5a092a582ce01b3fb9cf24df4356f9ad8b84296a	test_expectation_inspection	corroborates	moc-e0161	Inspected expected call/model/mock outcome corroborates historical call model; no original test pass or physical hardware result claimed.
BtExperience	b88cdac9665d28494f19d6a5d759acf8d5f00ad9	BtObjects/test/test_videodoorentry_objects.cpp	e49d3c200c8ebd70a086c902518a68c178081e2e	fb4c869e6860034b24b67b28b54d647b65d1fcc2bbf4378b30a7e898f14260d9	TestVideoDoorEntry::testOutgoingPagerCall	367	367	QCOMPARE	56911b871020cc5a18b0d3072028ece131a232703b4fd3ee397ce894407b54ae	test_expectation_inspection	corroborates	moc-e0161	Inspected expected call/model/mock outcome corroborates historical call model; no original test pass or physical hardware result claimed.
BtExperience	b88cdac9665d28494f19d6a5d759acf8d5f00ad9	BtObjects/test/test_videodoorentry_objects.cpp	e49d3c200c8ebd70a086c902518a68c178081e2e	fb4c869e6860034b24b67b28b54d647b65d1fcc2bbf4378b30a7e898f14260d9	TestVideoDoorEntry::testOutgoingPagerCall	368	368	QCOMPARE	ac271d6fffe9f5d31c402b6976d2a0379712bd1c8b0d828ec8fc2798713c842c	test_expectation_inspection	corroborates	moc-e0161	Inspected expected call/model/mock outcome corroborates historical call model; no original test pass or physical hardware result claimed.
BtExperience	b88cdac9665d28494f19d6a5d759acf8d5f00ad9	BtObjects/test/test_videodoorentry_objects.cpp	e49d3c200c8ebd70a086c902518a68c178081e2e	fb4c869e6860034b24b67b28b54d647b65d1fcc2bbf4378b30a7e898f14260d9	TestVideoDoorEntry::testOutgoingPagerCall	377	377	QCOMPARE	e4d6cf69f0819fa1263ea7b063dd74ea79271721187db474703b3c0667133003	test_expectation_inspection	corroborates	moc-e0161	Inspected expected call/model/mock outcome corroborates historical call model; no original test pass or physical hardware result claimed.
BtExperience	b88cdac9665d28494f19d6a5d759acf8d5f00ad9	BtObjects/test/test_videodoorentry_objects.cpp	e49d3c200c8ebd70a086c902518a68c178081e2e	fb4c869e6860034b24b67b28b54d647b65d1fcc2bbf4378b30a7e898f14260d9	TestVideoDoorEntry::testOutgoingPagerCall	378	378	QCOMPARE	9b3fd8e9ec6fe6550658211e5a092a582ce01b3fb9cf24df4356f9ad8b84296a	test_expectation_inspection	corroborates	moc-e0161	Inspected expected call/model/mock outcome corroborates historical call model; no original test pass or physical hardware result claimed.
BtExperience	b88cdac9665d28494f19d6a5d759acf8d5f00ad9	BtObjects/test/test_videodoorentry_objects.cpp	e49d3c200c8ebd70a086c902518a68c178081e2e	fb4c869e6860034b24b67b28b54d647b65d1fcc2bbf4378b30a7e898f14260d9	TestVideoDoorEntry::testOutgoingPagerCall	379	379	QCOMPARE	7b0f73610215af167e91856861d2b8fc7d24f6e5992d97e83499861831228a94	test_expectation_inspection	corroborates	moc-e0161	Inspected expected call/model/mock outcome corroborates historical call model; no original test pass or physical hardware result claimed.
BtExperience	b88cdac9665d28494f19d6a5d759acf8d5f00ad9	BtObjects/test/test_videodoorentry_objects.cpp	e49d3c200c8ebd70a086c902518a68c178081e2e	fb4c869e6860034b24b67b28b54d647b65d1fcc2bbf4378b30a7e898f14260d9	TestVideoDoorEntry::testOutgoingPagerCall	380	380	QCOMPARE	ac271d6fffe9f5d31c402b6976d2a0379712bd1c8b0d828ec8fc2798713c842c	test_expectation_inspection	corroborates	moc-e0161	Inspected expected call/model/mock outcome corroborates historical call model; no original test pass or physical hardware result claimed.
BtExperience	b88cdac9665d28494f19d6a5d759acf8d5f00ad9	BtObjects/test/test_videodoorentry_objects.cpp	e49d3c200c8ebd70a086c902518a68c178081e2e	fb4c869e6860034b24b67b28b54d647b65d1fcc2bbf4378b30a7e898f14260d9	TestVideoDoorEntry::testOutgoingPagerCall	385	385	QCOMPARE	7058cafd069577b67a30da0f3422c6282a15cc6103f5b4f5816eb48bcaaef6b0	test_expectation_inspection	corroborates	moc-e0161	Inspected expected call/model/mock outcome corroborates historical call model; no original test pass or physical hardware result claimed.
BtExperience	b88cdac9665d28494f19d6a5d759acf8d5f00ad9	BtObjects/test/test_videodoorentry_objects.cpp	e49d3c200c8ebd70a086c902518a68c178081e2e	fb4c869e6860034b24b67b28b54d647b65d1fcc2bbf4378b30a7e898f14260d9	TestVideoDoorEntry::testOutgoingPagerCall	386	386	QCOMPARE	0155186dab23ea2431fe1aeb14feb033dec7a1d3f7337e9dcb0502c1ecd117b6	test_expectation_inspection	corroborates	moc-e0161	Inspected expected call/model/mock outcome corroborates historical call model; no original test pass or physical hardware result claimed.
BtExperience	b88cdac9665d28494f19d6a5d759acf8d5f00ad9	BtObjects/test/test_videodoorentry_objects.cpp	e49d3c200c8ebd70a086c902518a68c178081e2e	fb4c869e6860034b24b67b28b54d647b65d1fcc2bbf4378b30a7e898f14260d9	TestVideoDoorEntry::testOutgoingPagerCall	387	387	QCOMPARE	56911b871020cc5a18b0d3072028ece131a232703b4fd3ee397ce894407b54ae	test_expectation_inspection	corroborates	moc-e0161	Inspected expected call/model/mock outcome corroborates historical call model; no original test pass or physical hardware result claimed.
BtExperience	b88cdac9665d28494f19d6a5d759acf8d5f00ad9	BtObjects/test/test_videodoorentry_objects.cpp	e49d3c200c8ebd70a086c902518a68c178081e2e	fb4c869e6860034b24b67b28b54d647b65d1fcc2bbf4378b30a7e898f14260d9	TestVideoDoorEntry::testOutgoingPagerCall	388	388	QCOMPARE	f410377c12c61bfe249c2e7439258594806346e6dd0458b819c8458ed2b7b5d8	test_expectation_inspection	corroborates	moc-e0161	Inspected expected call/model/mock outcome corroborates historical call model; no original test pass or physical hardware result claimed.
BtExperience	b88cdac9665d28494f19d6a5d759acf8d5f00ad9	BtObjects/test/test_videodoorentry_objects.cpp	e49d3c200c8ebd70a086c902518a68c178081e2e	fb4c869e6860034b24b67b28b54d647b65d1fcc2bbf4378b30a7e898f14260d9	TestVideoDoorEntry::testIncomingPagerCallIAnswer	406	406	QCOMPARE	9b3fd8e9ec6fe6550658211e5a092a582ce01b3fb9cf24df4356f9ad8b84296a	test_expectation_inspection	corroborates	moc-e0161	Inspected expected call/model/mock outcome corroborates historical call model; no original test pass or physical hardware result claimed.
BtExperience	b88cdac9665d28494f19d6a5d759acf8d5f00ad9	BtObjects/test/test_videodoorentry_objects.cpp	e49d3c200c8ebd70a086c902518a68c178081e2e	fb4c869e6860034b24b67b28b54d647b65d1fcc2bbf4378b30a7e898f14260d9	TestVideoDoorEntry::testIncomingPagerCallIAnswer	407	407	QCOMPARE	56911b871020cc5a18b0d3072028ece131a232703b4fd3ee397ce894407b54ae	test_expectation_inspection	corroborates	moc-e0161	Inspected expected call/model/mock outcome corroborates historical call model; no original test pass or physical hardware result claimed.
BtExperience	b88cdac9665d28494f19d6a5d759acf8d5f00ad9	BtObjects/test/test_videodoorentry_objects.cpp	e49d3c200c8ebd70a086c902518a68c178081e2e	fb4c869e6860034b24b67b28b54d647b65d1fcc2bbf4378b30a7e898f14260d9	TestVideoDoorEntry::testIncomingPagerCallIAnswer	408	408	QCOMPARE	f410377c12c61bfe249c2e7439258594806346e6dd0458b819c8458ed2b7b5d8	test_expectation_inspection	corroborates	moc-e0161	Inspected expected call/model/mock outcome corroborates historical call model; no original test pass or physical hardware result claimed.
BtExperience	b88cdac9665d28494f19d6a5d759acf8d5f00ad9	BtObjects/test/test_videodoorentry_objects.cpp	e49d3c200c8ebd70a086c902518a68c178081e2e	fb4c869e6860034b24b67b28b54d647b65d1fcc2bbf4378b30a7e898f14260d9	TestVideoDoorEntry::testIncomingPagerCallIAnswer	415	415	QCOMPARE	9b3fd8e9ec6fe6550658211e5a092a582ce01b3fb9cf24df4356f9ad8b84296a	test_expectation_inspection	corroborates	moc-e0161	Inspected expected call/model/mock outcome corroborates historical call model; no original test pass or physical hardware result claimed.
BtExperience	b88cdac9665d28494f19d6a5d759acf8d5f00ad9	BtObjects/test/test_videodoorentry_objects.cpp	e49d3c200c8ebd70a086c902518a68c178081e2e	fb4c869e6860034b24b67b28b54d647b65d1fcc2bbf4378b30a7e898f14260d9	TestVideoDoorEntry::testIncomingPagerCallIAnswer	416	416	QCOMPARE	56911b871020cc5a18b0d3072028ece131a232703b4fd3ee397ce894407b54ae	test_expectation_inspection	corroborates	moc-e0161	Inspected expected call/model/mock outcome corroborates historical call model; no original test pass or physical hardware result claimed.
BtExperience	b88cdac9665d28494f19d6a5d759acf8d5f00ad9	BtObjects/test/test_videodoorentry_objects.cpp	e49d3c200c8ebd70a086c902518a68c178081e2e	fb4c869e6860034b24b67b28b54d647b65d1fcc2bbf4378b30a7e898f14260d9	TestVideoDoorEntry::testIncomingPagerCallIAnswer	417	417	QCOMPARE	f410377c12c61bfe249c2e7439258594806346e6dd0458b819c8458ed2b7b5d8	test_expectation_inspection	corroborates	moc-e0161	Inspected expected call/model/mock outcome corroborates historical call model; no original test pass or physical hardware result claimed.
BtExperience	b88cdac9665d28494f19d6a5d759acf8d5f00ad9	BtObjects/test/test_videodoorentry_objects.cpp	e49d3c200c8ebd70a086c902518a68c178081e2e	fb4c869e6860034b24b67b28b54d647b65d1fcc2bbf4378b30a7e898f14260d9	TestVideoDoorEntry::testIncomingPagerCallIAnswer	420	420	QCOMPARE	cb3bb675a0203d1ec5ed9498c2672bf0a4069582f4465bb9e66f74b1209e98ed	test_expectation_inspection	corroborates	moc-e0161	Inspected expected call/model/mock outcome corroborates historical call model; no original test pass or physical hardware result claimed.
BtExperience	b88cdac9665d28494f19d6a5d759acf8d5f00ad9	BtObjects/test/test_videodoorentry_objects.cpp	e49d3c200c8ebd70a086c902518a68c178081e2e	fb4c869e6860034b24b67b28b54d647b65d1fcc2bbf4378b30a7e898f14260d9	TestVideoDoorEntry::testIncomingPagerCallIAnswer	433	433	QCOMPARE	0155186dab23ea2431fe1aeb14feb033dec7a1d3f7337e9dcb0502c1ecd117b6	test_expectation_inspection	corroborates	moc-e0161	Inspected expected call/model/mock outcome corroborates historical call model; no original test pass or physical hardware result claimed.
BtExperience	b88cdac9665d28494f19d6a5d759acf8d5f00ad9	BtObjects/test/test_videodoorentry_objects.cpp	e49d3c200c8ebd70a086c902518a68c178081e2e	fb4c869e6860034b24b67b28b54d647b65d1fcc2bbf4378b30a7e898f14260d9	TestVideoDoorEntry::testIncomingPagerCallIAnswer	434	434	QCOMPARE	56911b871020cc5a18b0d3072028ece131a232703b4fd3ee397ce894407b54ae	test_expectation_inspection	corroborates	moc-e0161	Inspected expected call/model/mock outcome corroborates historical call model; no original test pass or physical hardware result claimed.
BtExperience	b88cdac9665d28494f19d6a5d759acf8d5f00ad9	BtObjects/test/test_videodoorentry_objects.cpp	e49d3c200c8ebd70a086c902518a68c178081e2e	fb4c869e6860034b24b67b28b54d647b65d1fcc2bbf4378b30a7e898f14260d9	TestVideoDoorEntry::testIncomingPagerCallIAnswer	435	435	QCOMPARE	f410377c12c61bfe249c2e7439258594806346e6dd0458b819c8458ed2b7b5d8	test_expectation_inspection	corroborates	moc-e0161	Inspected expected call/model/mock outcome corroborates historical call model; no original test pass or physical hardware result claimed.
BtExperience	b88cdac9665d28494f19d6a5d759acf8d5f00ad9	BtObjects/test/test_videodoorentry_objects.cpp	e49d3c200c8ebd70a086c902518a68c178081e2e	fb4c869e6860034b24b67b28b54d647b65d1fcc2bbf4378b30a7e898f14260d9	TestVideoDoorEntry::testIncomingPagerCallAnotherAnswer	445	445	QCOMPARE	cb3bb675a0203d1ec5ed9498c2672bf0a4069582f4465bb9e66f74b1209e98ed	test_expectation_inspection	corroborates	moc-e0161	Inspected expected call/model/mock outcome corroborates historical call model; no original test pass or physical hardware result claimed.
BtExperience	b88cdac9665d28494f19d6a5d759acf8d5f00ad9	BtObjects/test/test_videodoorentry_objects.cpp	e49d3c200c8ebd70a086c902518a68c178081e2e	fb4c869e6860034b24b67b28b54d647b65d1fcc2bbf4378b30a7e898f14260d9	TestVideoDoorEntry::testIncomingPagerCallAnotherAnswer	446	446	QCOMPARE	0155186dab23ea2431fe1aeb14feb033dec7a1d3f7337e9dcb0502c1ecd117b6	test_expectation_inspection	corroborates	moc-e0161	Inspected expected call/model/mock outcome corroborates historical call model; no original test pass or physical hardware result claimed.
BtExperience	b88cdac9665d28494f19d6a5d759acf8d5f00ad9	BtObjects/test/test_videodoorentry_objects.cpp	e49d3c200c8ebd70a086c902518a68c178081e2e	fb4c869e6860034b24b67b28b54d647b65d1fcc2bbf4378b30a7e898f14260d9	TestVideoDoorEntry::testIncomingPagerCallAnotherAnswer	447	447	QCOMPARE	f410377c12c61bfe249c2e7439258594806346e6dd0458b819c8458ed2b7b5d8	test_expectation_inspection	corroborates	moc-e0161	Inspected expected call/model/mock outcome corroborates historical call model; no original test pass or physical hardware result claimed.
BtExperience	b88cdac9665d28494f19d6a5d759acf8d5f00ad9	BtObjects/test/test_videodoorentry_objects.cpp	e49d3c200c8ebd70a086c902518a68c178081e2e	fb4c869e6860034b24b67b28b54d647b65d1fcc2bbf4378b30a7e898f14260d9	TestVideoDoorEntry::testIncomingPagerCallAnotherAnswer	453	453	QCOMPARE	9b3fd8e9ec6fe6550658211e5a092a582ce01b3fb9cf24df4356f9ad8b84296a	test_expectation_inspection	corroborates	moc-e0161	Inspected expected call/model/mock outcome corroborates historical call model; no original test pass or physical hardware result claimed.
BtExperience	b88cdac9665d28494f19d6a5d759acf8d5f00ad9	BtObjects/test/test_videodoorentry_objects.cpp	e49d3c200c8ebd70a086c902518a68c178081e2e	fb4c869e6860034b24b67b28b54d647b65d1fcc2bbf4378b30a7e898f14260d9	TestVideoDoorEntry::testIncomingPagerCallAnotherAnswer	454	454	QCOMPARE	56911b871020cc5a18b0d3072028ece131a232703b4fd3ee397ce894407b54ae	test_expectation_inspection	corroborates	moc-e0161	Inspected expected call/model/mock outcome corroborates historical call model; no original test pass or physical hardware result claimed.
BtExperience	b88cdac9665d28494f19d6a5d759acf8d5f00ad9	BtObjects/test/test_videodoorentry_objects.cpp	e49d3c200c8ebd70a086c902518a68c178081e2e	fb4c869e6860034b24b67b28b54d647b65d1fcc2bbf4378b30a7e898f14260d9	TestVideoDoorEntry::testIncomingPagerCallAnotherAnswer	455	455	QCOMPARE	f410377c12c61bfe249c2e7439258594806346e6dd0458b819c8458ed2b7b5d8	test_expectation_inspection	corroborates	moc-e0161	Inspected expected call/model/mock outcome corroborates historical call model; no original test pass or physical hardware result claimed.
BtExperience	b88cdac9665d28494f19d6a5d759acf8d5f00ad9	BtObjects/test/test_videodoorentry_objects.cpp	e49d3c200c8ebd70a086c902518a68c178081e2e	fb4c869e6860034b24b67b28b54d647b65d1fcc2bbf4378b30a7e898f14260d9	TestVideoDoorEntry::testIncomingPagerCallAnotherAnswer	464	464	QCOMPARE	63f9fe0398dc33993f597130ba3328304b1e33bf9889f3231e6b5f4f3f8d66cb	test_expectation_inspection	corroborates	moc-e0161	Inspected expected call/model/mock outcome corroborates historical call model; no original test pass or physical hardware result claimed.
BtExperience	b88cdac9665d28494f19d6a5d759acf8d5f00ad9	BtObjects/test/test_videodoorentry_objects.cpp	e49d3c200c8ebd70a086c902518a68c178081e2e	fb4c869e6860034b24b67b28b54d647b65d1fcc2bbf4378b30a7e898f14260d9	TestVideoDoorEntry::testIncomingPagerCallAnotherAnswer	465	465	QCOMPARE	0155186dab23ea2431fe1aeb14feb033dec7a1d3f7337e9dcb0502c1ecd117b6	test_expectation_inspection	corroborates	moc-e0161	Inspected expected call/model/mock outcome corroborates historical call model; no original test pass or physical hardware result claimed.
BtExperience	b88cdac9665d28494f19d6a5d759acf8d5f00ad9	BtObjects/test/test_videodoorentry_objects.cpp	e49d3c200c8ebd70a086c902518a68c178081e2e	fb4c869e6860034b24b67b28b54d647b65d1fcc2bbf4378b30a7e898f14260d9	TestVideoDoorEntry::testIncomingPagerCallAnotherAnswer	466	466	QCOMPARE	56911b871020cc5a18b0d3072028ece131a232703b4fd3ee397ce894407b54ae	test_expectation_inspection	corroborates	moc-e0161	Inspected expected call/model/mock outcome corroborates historical call model; no original test pass or physical hardware result claimed.
BtExperience	b88cdac9665d28494f19d6a5d759acf8d5f00ad9	BtObjects/test/test_videodoorentry_objects.cpp	e49d3c200c8ebd70a086c902518a68c178081e2e	fb4c869e6860034b24b67b28b54d647b65d1fcc2bbf4378b30a7e898f14260d9	TestVideoDoorEntry::testIncomingPagerCallAnotherAnswer	467	467	QCOMPARE	f410377c12c61bfe249c2e7439258594806346e6dd0458b819c8458ed2b7b5d8	test_expectation_inspection	corroborates	moc-e0161	Inspected expected call/model/mock outcome corroborates historical call model; no original test pass or physical hardware result claimed.
BtExperience	b88cdac9665d28494f19d6a5d759acf8d5f00ad9	BtObjects/test/test_videodoorentry_objects.cpp	e49d3c200c8ebd70a086c902518a68c178081e2e	fb4c869e6860034b24b67b28b54d647b65d1fcc2bbf4378b30a7e898f14260d9	TestVideoDoorEntry::testFloorCall	482	482	QCOMPARE	3f0034fbf4d5ea78ba935fd506efe9e3bb98a662633309d44d87640981c7ed56	test_expectation_inspection	corroborates	moc-e0161	Inspected expected call/model/mock outcome corroborates historical call model; no original test pass or physical hardware result claimed.
BtExperience	b88cdac9665d28494f19d6a5d759acf8d5f00ad9	BtObjects/test/test_videodoorentry_objects.cpp	e49d3c200c8ebd70a086c902518a68c178081e2e	fb4c869e6860034b24b67b28b54d647b65d1fcc2bbf4378b30a7e898f14260d9	TestVideoDoorEntry::testFloorCall	487	487	QCOMPARE	3f0034fbf4d5ea78ba935fd506efe9e3bb98a662633309d44d87640981c7ed56	test_expectation_inspection	corroborates	moc-e0161	Inspected expected call/model/mock outcome corroborates historical call model; no original test pass or physical hardware result claimed.
BtExperience	b88cdac9665d28494f19d6a5d759acf8d5f00ad9	BtObjects/test/test_videodoorentry_objects.cpp	e49d3c200c8ebd70a086c902518a68c178081e2e	fb4c869e6860034b24b67b28b54d647b65d1fcc2bbf4378b30a7e898f14260d9	TestVideoDoorEntry::testCCTVIgnoringFramesIfNotActive	495	495	QCOMPARE	76ea476052a4a2bc0d2746773a7eb65d82b079953de312727b2be863e0d1658d	test_expectation_inspection	corroborates	moc-e0161	Inspected expected call/model/mock outcome corroborates historical call model; no original test pass or physical hardware result claimed.
BtExperience	b88cdac9665d28494f19d6a5d759acf8d5f00ad9	BtObjects/test/test_videodoorentry_objects.cpp	e49d3c200c8ebd70a086c902518a68c178081e2e	fb4c869e6860034b24b67b28b54d647b65d1fcc2bbf4378b30a7e898f14260d9	TestVideoDoorEntry::testCCTVIgnoringFramesIfNotActive	496	496	QCOMPARE	113b04f95c964ee717ddc911ac88d085cb5407bf71809bc22d66ff5f876ebbf5	test_expectation_inspection	corroborates	moc-e0161	Inspected expected call/model/mock outcome corroborates historical call model; no original test pass or physical hardware result claimed.
BtExperience	b88cdac9665d28494f19d6a5d759acf8d5f00ad9	BtObjects/test/test_videodoorentry_objects.cpp	e49d3c200c8ebd70a086c902518a68c178081e2e	fb4c869e6860034b24b67b28b54d647b65d1fcc2bbf4378b30a7e898f14260d9	TestVideoDoorEntry::testCCTVIgnoringFramesIfNotActive	503	503	QCOMPARE	76ea476052a4a2bc0d2746773a7eb65d82b079953de312727b2be863e0d1658d	test_expectation_inspection	corroborates	moc-e0161	Inspected expected call/model/mock outcome corroborates historical call model; no original test pass or physical hardware result claimed.
BtExperience	b88cdac9665d28494f19d6a5d759acf8d5f00ad9	BtObjects/test/test_videodoorentry_objects.cpp	e49d3c200c8ebd70a086c902518a68c178081e2e	fb4c869e6860034b24b67b28b54d647b65d1fcc2bbf4378b30a7e898f14260d9	TestVideoDoorEntry::testCCTVIgnoringFramesIfNotActive	504	504	QCOMPARE	113b04f95c964ee717ddc911ac88d085cb5407bf71809bc22d66ff5f876ebbf5	test_expectation_inspection	corroborates	moc-e0161	Inspected expected call/model/mock outcome corroborates historical call model; no original test pass or physical hardware result claimed.
BtExperience	b88cdac9665d28494f19d6a5d759acf8d5f00ad9	BtObjects/test/test_videodoorentry_objects.cpp	e49d3c200c8ebd70a086c902518a68c178081e2e	fb4c869e6860034b24b67b28b54d647b65d1fcc2bbf4378b30a7e898f14260d9	TestVideoDoorEntry::testCCTVIgnoringFramesIfNotActive	513	513	QCOMPARE	76ea476052a4a2bc0d2746773a7eb65d82b079953de312727b2be863e0d1658d	test_expectation_inspection	corroborates	moc-e0161	Inspected expected call/model/mock outcome corroborates historical call model; no original test pass or physical hardware result claimed.
BtExperience	b88cdac9665d28494f19d6a5d759acf8d5f00ad9	BtObjects/test/test_videodoorentry_objects.cpp	e49d3c200c8ebd70a086c902518a68c178081e2e	fb4c869e6860034b24b67b28b54d647b65d1fcc2bbf4378b30a7e898f14260d9	TestVideoDoorEntry::testCCTVIgnoringFramesIfNotActive	514	514	QCOMPARE	113b04f95c964ee717ddc911ac88d085cb5407bf71809bc22d66ff5f876ebbf5	test_expectation_inspection	corroborates	moc-e0161	Inspected expected call/model/mock outcome corroborates historical call model; no original test pass or physical hardware result claimed.
BtExperience	b88cdac9665d28494f19d6a5d759acf8d5f00ad9	BtObjects/test/test_videodoorentry_objects.cpp	e49d3c200c8ebd70a086c902518a68c178081e2e	fb4c869e6860034b24b67b28b54d647b65d1fcc2bbf4378b30a7e898f14260d9	TestVideoDoorEntry::testCCTVOutgoingCallTerminatedByTouch	533	533	QCOMPARE	76ea476052a4a2bc0d2746773a7eb65d82b079953de312727b2be863e0d1658d	test_expectation_inspection	corroborates	moc-e0161	Inspected expected call/model/mock outcome corroborates historical call model; no original test pass or physical hardware result claimed.
BtExperience	b88cdac9665d28494f19d6a5d759acf8d5f00ad9	BtObjects/test/test_videodoorentry_objects.cpp	e49d3c200c8ebd70a086c902518a68c178081e2e	fb4c869e6860034b24b67b28b54d647b65d1fcc2bbf4378b30a7e898f14260d9	TestVideoDoorEntry::testCCTVOutgoingCallTerminatedByTouch	534	534	QCOMPARE	b739d40a74eb23071e3245fd461bb0348301561f6a01582ce4df9b633df3ff3d	test_expectation_inspection	corroborates	moc-e0161	Inspected expected call/model/mock outcome corroborates historical call model; no original test pass or physical hardware result claimed.
BtExperience	b88cdac9665d28494f19d6a5d759acf8d5f00ad9	BtObjects/test/test_videodoorentry_objects.cpp	e49d3c200c8ebd70a086c902518a68c178081e2e	fb4c869e6860034b24b67b28b54d647b65d1fcc2bbf4378b30a7e898f14260d9	TestVideoDoorEntry::testCCTVOutgoingCallTerminatedByTouch	535	535	QCOMPARE	98650113bce920e549f4992607a4d624bbf5ff03f4dcae890b306120420da88d	test_expectation_inspection	corroborates	moc-e0161	Inspected expected call/model/mock outcome corroborates historical call model; no original test pass or physical hardware result claimed.
BtExperience	b88cdac9665d28494f19d6a5d759acf8d5f00ad9	BtObjects/test/test_videodoorentry_objects.cpp	e49d3c200c8ebd70a086c902518a68c178081e2e	fb4c869e6860034b24b67b28b54d647b65d1fcc2bbf4378b30a7e898f14260d9	TestVideoDoorEntry::testCCTVOutgoingCallTerminatedByTouch	543	543	QCOMPARE	7be12680f570ff8db25b5ae4b66765f826e8697c59627cc4a54c04790645fec0	test_expectation_inspection	corroborates	moc-e0161	Inspected expected call/model/mock outcome corroborates historical call model; no original test pass or physical hardware result claimed.
BtExperience	b88cdac9665d28494f19d6a5d759acf8d5f00ad9	BtObjects/test/test_videodoorentry_objects.cpp	e49d3c200c8ebd70a086c902518a68c178081e2e	fb4c869e6860034b24b67b28b54d647b65d1fcc2bbf4378b30a7e898f14260d9	TestVideoDoorEntry::testCCTVOutgoingCallTerminatedByTouch	544	544	QCOMPARE	b739d40a74eb23071e3245fd461bb0348301561f6a01582ce4df9b633df3ff3d	test_expectation_inspection	corroborates	moc-e0161	Inspected expected call/model/mock outcome corroborates historical call model; no original test pass or physical hardware result claimed.
BtExperience	b88cdac9665d28494f19d6a5d759acf8d5f00ad9	BtObjects/test/test_videodoorentry_objects.cpp	e49d3c200c8ebd70a086c902518a68c178081e2e	fb4c869e6860034b24b67b28b54d647b65d1fcc2bbf4378b30a7e898f14260d9	TestVideoDoorEntry::testCCTVOutgoingCallTerminatedByTouch	545	545	QCOMPARE	98650113bce920e549f4992607a4d624bbf5ff03f4dcae890b306120420da88d	test_expectation_inspection	corroborates	moc-e0161	Inspected expected call/model/mock outcome corroborates historical call model; no original test pass or physical hardware result claimed.
BtExperience	b88cdac9665d28494f19d6a5d759acf8d5f00ad9	BtObjects/test/test_videodoorentry_objects.cpp	e49d3c200c8ebd70a086c902518a68c178081e2e	fb4c869e6860034b24b67b28b54d647b65d1fcc2bbf4378b30a7e898f14260d9	TestVideoDoorEntry::testCCTVOutgoingCallTerminatedByTouch	546	546	QCOMPARE	65f229d507c67b0ef00f335a61d9edc029c2e66bdf62a29d01c39368a4753dc6	test_expectation_inspection	corroborates	moc-e0161	Inspected expected call/model/mock outcome corroborates historical call model; no original test pass or physical hardware result claimed.
BtExperience	b88cdac9665d28494f19d6a5d759acf8d5f00ad9	BtObjects/test/test_videodoorentry_objects.cpp	e49d3c200c8ebd70a086c902518a68c178081e2e	fb4c869e6860034b24b67b28b54d647b65d1fcc2bbf4378b30a7e898f14260d9	TestVideoDoorEntry::testCCTVOutgoingCallTerminatedByTouch	547	547	QVERIFY	bb2511de0e21a18c7a0a256d72be1da8fe29375d5fb7f66b40de0d640470771f	test_expectation_inspection	corroborates	moc-e0161	Inspected expected call/model/mock outcome corroborates historical call model; no original test pass or physical hardware result claimed.
BtExperience	b88cdac9665d28494f19d6a5d759acf8d5f00ad9	BtObjects/test/test_videodoorentry_objects.cpp	e49d3c200c8ebd70a086c902518a68c178081e2e	fb4c869e6860034b24b67b28b54d647b65d1fcc2bbf4378b30a7e898f14260d9	TestVideoDoorEntry::testCCTVOutgoingCallTerminatedByTouch	551	551	QVERIFY	e312afdf738944deb2a5ac26d74e6868b14c701db8df6ee357d3fb388c53f119	test_expectation_inspection	corroborates	moc-e0161	Inspected expected call/model/mock outcome corroborates historical call model; no original test pass or physical hardware result claimed.
BtExperience	b88cdac9665d28494f19d6a5d759acf8d5f00ad9	BtObjects/test/test_videodoorentry_objects.cpp	e49d3c200c8ebd70a086c902518a68c178081e2e	fb4c869e6860034b24b67b28b54d647b65d1fcc2bbf4378b30a7e898f14260d9	TestVideoDoorEntry::testCCTVOutgoingCallTerminatedByTouch	552	552	QVERIFY	90b9b4c4098da0ab410e2eed534d33c27d9593641b40006ef2e9213598db8ff5	test_expectation_inspection	corroborates	moc-e0161	Inspected expected call/model/mock outcome corroborates historical call model; no original test pass or physical hardware result claimed.
BtExperience	b88cdac9665d28494f19d6a5d759acf8d5f00ad9	BtObjects/test/test_videodoorentry_objects.cpp	e49d3c200c8ebd70a086c902518a68c178081e2e	fb4c869e6860034b24b67b28b54d647b65d1fcc2bbf4378b30a7e898f14260d9	TestVideoDoorEntry::testCCTVOutgoingCallTerminatedByTouch	557	557	QCOMPARE	7be12680f570ff8db25b5ae4b66765f826e8697c59627cc4a54c04790645fec0	test_expectation_inspection	corroborates	moc-e0161	Inspected expected call/model/mock outcome corroborates historical call model; no original test pass or physical hardware result claimed.
BtExperience	b88cdac9665d28494f19d6a5d759acf8d5f00ad9	BtObjects/test/test_videodoorentry_objects.cpp	e49d3c200c8ebd70a086c902518a68c178081e2e	fb4c869e6860034b24b67b28b54d647b65d1fcc2bbf4378b30a7e898f14260d9	TestVideoDoorEntry::testCCTVOutgoingCallTerminatedByTouch	558	558	QCOMPARE	b739d40a74eb23071e3245fd461bb0348301561f6a01582ce4df9b633df3ff3d	test_expectation_inspection	corroborates	moc-e0161	Inspected expected call/model/mock outcome corroborates historical call model; no original test pass or physical hardware result claimed.
BtExperience	b88cdac9665d28494f19d6a5d759acf8d5f00ad9	BtObjects/test/test_videodoorentry_objects.cpp	e49d3c200c8ebd70a086c902518a68c178081e2e	fb4c869e6860034b24b67b28b54d647b65d1fcc2bbf4378b30a7e898f14260d9	TestVideoDoorEntry::testCCTVOutgoingCallTerminatedByTouch	559	559	QCOMPARE	98650113bce920e549f4992607a4d624bbf5ff03f4dcae890b306120420da88d	test_expectation_inspection	corroborates	moc-e0161	Inspected expected call/model/mock outcome corroborates historical call model; no original test pass or physical hardware result claimed.
BtExperience	b88cdac9665d28494f19d6a5d759acf8d5f00ad9	BtObjects/test/test_videodoorentry_objects.cpp	e49d3c200c8ebd70a086c902518a68c178081e2e	fb4c869e6860034b24b67b28b54d647b65d1fcc2bbf4378b30a7e898f14260d9	TestVideoDoorEntry::testCCTVOutgoingCallTerminatedByTouch	567	567	QCOMPARE	7be12680f570ff8db25b5ae4b66765f826e8697c59627cc4a54c04790645fec0	test_expectation_inspection	corroborates	moc-e0161	Inspected expected call/model/mock outcome corroborates historical call model; no original test pass or physical hardware result claimed.
BtExperience	b88cdac9665d28494f19d6a5d759acf8d5f00ad9	BtObjects/test/test_videodoorentry_objects.cpp	e49d3c200c8ebd70a086c902518a68c178081e2e	fb4c869e6860034b24b67b28b54d647b65d1fcc2bbf4378b30a7e898f14260d9	TestVideoDoorEntry::testCCTVOutgoingCallTerminatedByTouch	568	568	QCOMPARE	ca3bd007819263b954dbd79cdbd5cf82b7551328c7329015ed169fb04507309e	test_expectation_inspection	corroborates	moc-e0161	Inspected expected call/model/mock outcome corroborates historical call model; no original test pass or physical hardware result claimed.
BtExperience	b88cdac9665d28494f19d6a5d759acf8d5f00ad9	BtObjects/test/test_videodoorentry_objects.cpp	e49d3c200c8ebd70a086c902518a68c178081e2e	fb4c869e6860034b24b67b28b54d647b65d1fcc2bbf4378b30a7e898f14260d9	TestVideoDoorEntry::testCCTVOutgoingCallTerminatedByTouch	569	569	QCOMPARE	98650113bce920e549f4992607a4d624bbf5ff03f4dcae890b306120420da88d	test_expectation_inspection	corroborates	moc-e0161	Inspected expected call/model/mock outcome corroborates historical call model; no original test pass or physical hardware result claimed.
BtExperience	b88cdac9665d28494f19d6a5d759acf8d5f00ad9	BtObjects/test/test_videodoorentry_objects.cpp	e49d3c200c8ebd70a086c902518a68c178081e2e	fb4c869e6860034b24b67b28b54d647b65d1fcc2bbf4378b30a7e898f14260d9	TestVideoDoorEntry::testCCTVOutgoingCallTerminatedByTouch	574	574	QCOMPARE	113b04f95c964ee717ddc911ac88d085cb5407bf71809bc22d66ff5f876ebbf5	test_expectation_inspection	corroborates	moc-e0161	Inspected expected call/model/mock outcome corroborates historical call model; no original test pass or physical hardware result claimed.
BtExperience	b88cdac9665d28494f19d6a5d759acf8d5f00ad9	BtObjects/test/test_videodoorentry_objects.cpp	e49d3c200c8ebd70a086c902518a68c178081e2e	fb4c869e6860034b24b67b28b54d647b65d1fcc2bbf4378b30a7e898f14260d9	TestVideoDoorEntry::testCCTVOutgoingCallTerminatedByTalker	594	594	QCOMPARE	98650113bce920e549f4992607a4d624bbf5ff03f4dcae890b306120420da88d	test_expectation_inspection	corroborates	moc-e0161	Inspected expected call/model/mock outcome corroborates historical call model; no original test pass or physical hardware result claimed.
BtExperience	b88cdac9665d28494f19d6a5d759acf8d5f00ad9	BtObjects/test/test_videodoorentry_objects.cpp	e49d3c200c8ebd70a086c902518a68c178081e2e	fb4c869e6860034b24b67b28b54d647b65d1fcc2bbf4378b30a7e898f14260d9	TestVideoDoorEntry::testCCTVOutgoingCallTerminatedByTalker	602	602	QCOMPARE	7be12680f570ff8db25b5ae4b66765f826e8697c59627cc4a54c04790645fec0	test_expectation_inspection	corroborates	moc-e0161	Inspected expected call/model/mock outcome corroborates historical call model; no original test pass or physical hardware result claimed.
BtExperience	b88cdac9665d28494f19d6a5d759acf8d5f00ad9	BtObjects/test/test_videodoorentry_objects.cpp	e49d3c200c8ebd70a086c902518a68c178081e2e	fb4c869e6860034b24b67b28b54d647b65d1fcc2bbf4378b30a7e898f14260d9	TestVideoDoorEntry::testCCTVOutgoingCallTerminatedByTalker	603	603	QCOMPARE	b739d40a74eb23071e3245fd461bb0348301561f6a01582ce4df9b633df3ff3d	test_expectation_inspection	corroborates	moc-e0161	Inspected expected call/model/mock outcome corroborates historical call model; no original test pass or physical hardware result claimed.
BtExperience	b88cdac9665d28494f19d6a5d759acf8d5f00ad9	BtObjects/test/test_videodoorentry_objects.cpp	e49d3c200c8ebd70a086c902518a68c178081e2e	fb4c869e6860034b24b67b28b54d647b65d1fcc2bbf4378b30a7e898f14260d9	TestVideoDoorEntry::testCCTVOutgoingCallTerminatedByTalker	604	604	QCOMPARE	98650113bce920e549f4992607a4d624bbf5ff03f4dcae890b306120420da88d	test_expectation_inspection	corroborates	moc-e0161	Inspected expected call/model/mock outcome corroborates historical call model; no original test pass or physical hardware result claimed.
BtExperience	b88cdac9665d28494f19d6a5d759acf8d5f00ad9	BtObjects/test/test_videodoorentry_objects.cpp	e49d3c200c8ebd70a086c902518a68c178081e2e	fb4c869e6860034b24b67b28b54d647b65d1fcc2bbf4378b30a7e898f14260d9	TestVideoDoorEntry::testCCTVOutgoingCallTerminatedByTalker	606	606	QVERIFY	528e4ed250a1bc94229f55f3fd36037d59e8858219ca9c8f4d819ababd1ada7e	test_expectation_inspection	corroborates	moc-e0161	Inspected expected call/model/mock outcome corroborates historical call model; no original test pass or physical hardware result claimed.
BtExperience	b88cdac9665d28494f19d6a5d759acf8d5f00ad9	BtObjects/test/test_videodoorentry_objects.cpp	e49d3c200c8ebd70a086c902518a68c178081e2e	fb4c869e6860034b24b67b28b54d647b65d1fcc2bbf4378b30a7e898f14260d9	TestVideoDoorEntry::testCCTVOutgoingCallTerminatedByTalker	626	626	QCOMPARE	7be12680f570ff8db25b5ae4b66765f826e8697c59627cc4a54c04790645fec0	test_expectation_inspection	corroborates	moc-e0161	Inspected expected call/model/mock outcome corroborates historical call model; no original test pass or physical hardware result claimed.
BtExperience	b88cdac9665d28494f19d6a5d759acf8d5f00ad9	BtObjects/test/test_videodoorentry_objects.cpp	e49d3c200c8ebd70a086c902518a68c178081e2e	fb4c869e6860034b24b67b28b54d647b65d1fcc2bbf4378b30a7e898f14260d9	TestVideoDoorEntry::testCCTVOutgoingCallTerminatedByTalker	627	627	QCOMPARE	ca3bd007819263b954dbd79cdbd5cf82b7551328c7329015ed169fb04507309e	test_expectation_inspection	corroborates	moc-e0161	Inspected expected call/model/mock outcome corroborates historical call model; no original test pass or physical hardware result claimed.
BtExperience	b88cdac9665d28494f19d6a5d759acf8d5f00ad9	BtObjects/test/test_videodoorentry_objects.cpp	e49d3c200c8ebd70a086c902518a68c178081e2e	fb4c869e6860034b24b67b28b54d647b65d1fcc2bbf4378b30a7e898f14260d9	TestVideoDoorEntry::testCCTVOutgoingCallTerminatedByTalker	628	628	QCOMPARE	98650113bce920e549f4992607a4d624bbf5ff03f4dcae890b306120420da88d	test_expectation_inspection	corroborates	moc-e0161	Inspected expected call/model/mock outcome corroborates historical call model; no original test pass or physical hardware result claimed.
BtExperience	b88cdac9665d28494f19d6a5d759acf8d5f00ad9	BtObjects/test/test_videodoorentry_objects.cpp	e49d3c200c8ebd70a086c902518a68c178081e2e	fb4c869e6860034b24b67b28b54d647b65d1fcc2bbf4378b30a7e898f14260d9	TestVideoDoorEntry::testCCTVOutgoingCallTerminatedByTalker	634	634	QCOMPARE	76ea476052a4a2bc0d2746773a7eb65d82b079953de312727b2be863e0d1658d	test_expectation_inspection	corroborates	moc-e0161	Inspected expected call/model/mock outcome corroborates historical call model; no original test pass or physical hardware result claimed.
BtExperience	b88cdac9665d28494f19d6a5d759acf8d5f00ad9	BtObjects/test/test_videodoorentry_objects.cpp	e49d3c200c8ebd70a086c902518a68c178081e2e	fb4c869e6860034b24b67b28b54d647b65d1fcc2bbf4378b30a7e898f14260d9	TestVideoDoorEntry::testCCTVOutgoingCallTerminatedByTalker	635	635	QCOMPARE	b739d40a74eb23071e3245fd461bb0348301561f6a01582ce4df9b633df3ff3d	test_expectation_inspection	corroborates	moc-e0161	Inspected expected call/model/mock outcome corroborates historical call model; no original test pass or physical hardware result claimed.
BtExperience	b88cdac9665d28494f19d6a5d759acf8d5f00ad9	BtObjects/test/test_videodoorentry_objects.cpp	e49d3c200c8ebd70a086c902518a68c178081e2e	fb4c869e6860034b24b67b28b54d647b65d1fcc2bbf4378b30a7e898f14260d9	TestVideoDoorEntry::testCCTVOutgoingCallTerminatedByTalker	636	636	QCOMPARE	113b04f95c964ee717ddc911ac88d085cb5407bf71809bc22d66ff5f876ebbf5	test_expectation_inspection	corroborates	moc-e0161	Inspected expected call/model/mock outcome corroborates historical call model; no original test pass or physical hardware result claimed.
BtExperience	b88cdac9665d28494f19d6a5d759acf8d5f00ad9	BtObjects/test/test_videodoorentry_objects.cpp	e49d3c200c8ebd70a086c902518a68c178081e2e	fb4c869e6860034b24b67b28b54d647b65d1fcc2bbf4378b30a7e898f14260d9	TestVideoDoorEntry::testCCTVRingtone	653	653	QCOMPARE	bdbe655bddb622b34dc6e9678044142f8f7a0124494a6a3c482b23012c93f843	test_expectation_inspection	corroborates	moc-e0161	Inspected expected call/model/mock outcome corroborates historical call model; no original test pass or physical hardware result claimed.
BtExperience	b88cdac9665d28494f19d6a5d759acf8d5f00ad9	BtObjects/test/test_videodoorentry_objects.cpp	e49d3c200c8ebd70a086c902518a68c178081e2e	fb4c869e6860034b24b67b28b54d647b65d1fcc2bbf4378b30a7e898f14260d9	TestVideoDoorEntry::testCCTVRingtone	658	658	QCOMPARE	bdbe655bddb622b34dc6e9678044142f8f7a0124494a6a3c482b23012c93f843	test_expectation_inspection	corroborates	moc-e0161	Inspected expected call/model/mock outcome corroborates historical call model; no original test pass or physical hardware result claimed.
BtExperience	b88cdac9665d28494f19d6a5d759acf8d5f00ad9	BtObjects/test/test_videodoorentry_objects.cpp	e49d3c200c8ebd70a086c902518a68c178081e2e	fb4c869e6860034b24b67b28b54d647b65d1fcc2bbf4378b30a7e898f14260d9	TestVideoDoorEntry::testCCTVRingtone	664	664	QCOMPARE	d3a7a5aa7f36b12043bd579ffa8799e9bcae7ab35a812f2f8fc38a1651896681	test_expectation_inspection	corroborates	moc-e0161	Inspected expected call/model/mock outcome corroborates historical call model; no original test pass or physical hardware result claimed.
BtExperience	b88cdac9665d28494f19d6a5d759acf8d5f00ad9	BtObjects/test/test_videodoorentry_objects.cpp	e49d3c200c8ebd70a086c902518a68c178081e2e	fb4c869e6860034b24b67b28b54d647b65d1fcc2bbf4378b30a7e898f14260d9	TestVideoDoorEntry::testCCTVRingtone	670	670	QCOMPARE	b35aa7fa959ca9304225f181666c6ae08239233688f8ce6b6303a39c0734410b	test_expectation_inspection	corroborates	moc-e0161	Inspected expected call/model/mock outcome corroborates historical call model; no original test pass or physical hardware result claimed.
BtExperience	b88cdac9665d28494f19d6a5d759acf8d5f00ad9	BtObjects/test/test_videodoorentry_objects.cpp	e49d3c200c8ebd70a086c902518a68c178081e2e	fb4c869e6860034b24b67b28b54d647b65d1fcc2bbf4378b30a7e898f14260d9	TestVideoDoorEntry::testCCTVRingtone	676	676	QCOMPARE	9ed3db8a1af20d37aca43bd760fccb98ea4d286028fc1b594fb7c2f48e53621e	test_expectation_inspection	corroborates	moc-e0161	Inspected expected call/model/mock outcome corroborates historical call model; no original test pass or physical hardware result claimed.
BtExperience	b88cdac9665d28494f19d6a5d759acf8d5f00ad9	BtObjects/test/test_videodoorentry_objects.cpp	e49d3c200c8ebd70a086c902518a68c178081e2e	fb4c869e6860034b24b67b28b54d647b65d1fcc2bbf4378b30a7e898f14260d9	TestVideoDoorEntry::testCCTVRingtone	682	682	QCOMPARE	9ed3db8a1af20d37aca43bd760fccb98ea4d286028fc1b594fb7c2f48e53621e	test_expectation_inspection	corroborates	moc-e0161	Inspected expected call/model/mock outcome corroborates historical call model; no original test pass or physical hardware result claimed.
BtExperience	b88cdac9665d28494f19d6a5d759acf8d5f00ad9	BtObjects/test/test_videodoorentry_objects.cpp	e49d3c200c8ebd70a086c902518a68c178081e2e	fb4c869e6860034b24b67b28b54d647b65d1fcc2bbf4378b30a7e898f14260d9	TestVideoDoorEntry::testCCTVRingtone	688	688	QCOMPARE	9ed3db8a1af20d37aca43bd760fccb98ea4d286028fc1b594fb7c2f48e53621e	test_expectation_inspection	corroborates	moc-e0161	Inspected expected call/model/mock outcome corroborates historical call model; no original test pass or physical hardware result claimed.
BtExperience	b88cdac9665d28494f19d6a5d759acf8d5f00ad9	BtObjects/test/test_videodoorentry_objects.cpp	e49d3c200c8ebd70a086c902518a68c178081e2e	fb4c869e6860034b24b67b28b54d647b65d1fcc2bbf4378b30a7e898f14260d9	TestVideoDoorEntry::testCCTVAudioOnly	708	708	QCOMPARE	7be12680f570ff8db25b5ae4b66765f826e8697c59627cc4a54c04790645fec0	test_expectation_inspection	corroborates	moc-e0161	Inspected expected call/model/mock outcome corroborates historical call model; no original test pass or physical hardware result claimed.
BtExperience	b88cdac9665d28494f19d6a5d759acf8d5f00ad9	BtObjects/test/test_videodoorentry_objects.cpp	e49d3c200c8ebd70a086c902518a68c178081e2e	fb4c869e6860034b24b67b28b54d647b65d1fcc2bbf4378b30a7e898f14260d9	TestVideoDoorEntry::testCCTVAudioOnly	709	709	QCOMPARE	b739d40a74eb23071e3245fd461bb0348301561f6a01582ce4df9b633df3ff3d	test_expectation_inspection	corroborates	moc-e0161	Inspected expected call/model/mock outcome corroborates historical call model; no original test pass or physical hardware result claimed.
BtExperience	b88cdac9665d28494f19d6a5d759acf8d5f00ad9	BtObjects/test/test_videodoorentry_objects.cpp	e49d3c200c8ebd70a086c902518a68c178081e2e	fb4c869e6860034b24b67b28b54d647b65d1fcc2bbf4378b30a7e898f14260d9	TestVideoDoorEntry::testCCTVAudioOnly	710	710	QCOMPARE	113b04f95c964ee717ddc911ac88d085cb5407bf71809bc22d66ff5f876ebbf5	test_expectation_inspection	corroborates	moc-e0161	Inspected expected call/model/mock outcome corroborates historical call model; no original test pass or physical hardware result claimed.
BtExperience	b88cdac9665d28494f19d6a5d759acf8d5f00ad9	BtObjects/test/test_videodoorentry_objects.cpp	e49d3c200c8ebd70a086c902518a68c178081e2e	fb4c869e6860034b24b67b28b54d647b65d1fcc2bbf4378b30a7e898f14260d9	TestVideoDoorEntry::testCCTVTeleloop	733	733	QCOMPARE	7be12680f570ff8db25b5ae4b66765f826e8697c59627cc4a54c04790645fec0	test_expectation_inspection	corroborates	moc-e0161	Inspected expected call/model/mock outcome corroborates historical call model; no original test pass or physical hardware result claimed.
BtExperience	b88cdac9665d28494f19d6a5d759acf8d5f00ad9	BtObjects/test/test_videodoorentry_objects.cpp	e49d3c200c8ebd70a086c902518a68c178081e2e	fb4c869e6860034b24b67b28b54d647b65d1fcc2bbf4378b30a7e898f14260d9	TestVideoDoorEntry::testCCTVTeleloop	734	734	QCOMPARE	b739d40a74eb23071e3245fd461bb0348301561f6a01582ce4df9b633df3ff3d	test_expectation_inspection	corroborates	moc-e0161	Inspected expected call/model/mock outcome corroborates historical call model; no original test pass or physical hardware result claimed.
BtExperience	b88cdac9665d28494f19d6a5d759acf8d5f00ad9	BtObjects/test/test_videodoorentry_objects.cpp	e49d3c200c8ebd70a086c902518a68c178081e2e	fb4c869e6860034b24b67b28b54d647b65d1fcc2bbf4378b30a7e898f14260d9	TestVideoDoorEntry::testCCTVTeleloop	735	735	QCOMPARE	113b04f95c964ee717ddc911ac88d085cb5407bf71809bc22d66ff5f876ebbf5	test_expectation_inspection	corroborates	moc-e0161	Inspected expected call/model/mock outcome corroborates historical call model; no original test pass or physical hardware result claimed.
BtExperience	b88cdac9665d28494f19d6a5d759acf8d5f00ad9	BtObjects/test/test_videodoorentry_objects.cpp	e49d3c200c8ebd70a086c902518a68c178081e2e	fb4c869e6860034b24b67b28b54d647b65d1fcc2bbf4378b30a7e898f14260d9	TestVideoDoorEntry::testCCTVTeleloop	736	736	QCOMPARE	7739b4204342cf1577b4b397971e7927524e72201e538bfb8d5f669e5a81ae48	test_expectation_inspection	corroborates	moc-e0161	Inspected expected call/model/mock outcome corroborates historical call model; no original test pass or physical hardware result claimed.
BtExperience	b88cdac9665d28494f19d6a5d759acf8d5f00ad9	BtObjects/test/test_videodoorentry_objects.cpp	e49d3c200c8ebd70a086c902518a68c178081e2e	fb4c869e6860034b24b67b28b54d647b65d1fcc2bbf4378b30a7e898f14260d9	TestVideoDoorEntry::testCCTVTeleloop	744	744	QCOMPARE	7be12680f570ff8db25b5ae4b66765f826e8697c59627cc4a54c04790645fec0	test_expectation_inspection	corroborates	moc-e0161	Inspected expected call/model/mock outcome corroborates historical call model; no original test pass or physical hardware result claimed.
BtExperience	b88cdac9665d28494f19d6a5d759acf8d5f00ad9	BtObjects/test/test_videodoorentry_objects.cpp	e49d3c200c8ebd70a086c902518a68c178081e2e	fb4c869e6860034b24b67b28b54d647b65d1fcc2bbf4378b30a7e898f14260d9	TestVideoDoorEntry::testCCTVTeleloop	745	745	QCOMPARE	ca3bd007819263b954dbd79cdbd5cf82b7551328c7329015ed169fb04507309e	test_expectation_inspection	corroborates	moc-e0161	Inspected expected call/model/mock outcome corroborates historical call model; no original test pass or physical hardware result claimed.
BtExperience	b88cdac9665d28494f19d6a5d759acf8d5f00ad9	BtObjects/test/test_videodoorentry_objects.cpp	e49d3c200c8ebd70a086c902518a68c178081e2e	fb4c869e6860034b24b67b28b54d647b65d1fcc2bbf4378b30a7e898f14260d9	TestVideoDoorEntry::testCCTVTeleloop	746	746	QCOMPARE	113b04f95c964ee717ddc911ac88d085cb5407bf71809bc22d66ff5f876ebbf5	test_expectation_inspection	corroborates	moc-e0161	Inspected expected call/model/mock outcome corroborates historical call model; no original test pass or physical hardware result claimed.
BtExperience	b88cdac9665d28494f19d6a5d759acf8d5f00ad9	BtObjects/test/test_videodoorentry_objects.cpp	e49d3c200c8ebd70a086c902518a68c178081e2e	fb4c869e6860034b24b67b28b54d647b65d1fcc2bbf4378b30a7e898f14260d9	TestVideoDoorEntry::testCCTVTeleloop	747	747	QCOMPARE	1c2f3d2a4d9c60fc411503706c477f04a203e40de9f1e4e518ffd393946240f5	test_expectation_inspection	corroborates	moc-e0161	Inspected expected call/model/mock outcome corroborates historical call model; no original test pass or physical hardware result claimed.
BtExperience	b88cdac9665d28494f19d6a5d759acf8d5f00ad9	BtObjects/test/test_videodoorentry_objects.cpp	e49d3c200c8ebd70a086c902518a68c178081e2e	fb4c869e6860034b24b67b28b54d647b65d1fcc2bbf4378b30a7e898f14260d9	TestVideoDoorEntry::testCCTVTeleloop	753	753	QCOMPARE	7be12680f570ff8db25b5ae4b66765f826e8697c59627cc4a54c04790645fec0	test_expectation_inspection	corroborates	moc-e0161	Inspected expected call/model/mock outcome corroborates historical call model; no original test pass or physical hardware result claimed.
BtExperience	b88cdac9665d28494f19d6a5d759acf8d5f00ad9	BtObjects/test/test_videodoorentry_objects.cpp	e49d3c200c8ebd70a086c902518a68c178081e2e	fb4c869e6860034b24b67b28b54d647b65d1fcc2bbf4378b30a7e898f14260d9	TestVideoDoorEntry::testCCTVTeleloop	754	754	QCOMPARE	ca3bd007819263b954dbd79cdbd5cf82b7551328c7329015ed169fb04507309e	test_expectation_inspection	corroborates	moc-e0161	Inspected expected call/model/mock outcome corroborates historical call model; no original test pass or physical hardware result claimed.
BtExperience	b88cdac9665d28494f19d6a5d759acf8d5f00ad9	BtObjects/test/test_videodoorentry_objects.cpp	e49d3c200c8ebd70a086c902518a68c178081e2e	fb4c869e6860034b24b67b28b54d647b65d1fcc2bbf4378b30a7e898f14260d9	TestVideoDoorEntry::testCCTVTeleloop	755	755	QCOMPARE	113b04f95c964ee717ddc911ac88d085cb5407bf71809bc22d66ff5f876ebbf5	test_expectation_inspection	corroborates	moc-e0161	Inspected expected call/model/mock outcome corroborates historical call model; no original test pass or physical hardware result claimed.
BtExperience	b88cdac9665d28494f19d6a5d759acf8d5f00ad9	BtObjects/test/test_videodoorentry_objects.cpp	e49d3c200c8ebd70a086c902518a68c178081e2e	fb4c869e6860034b24b67b28b54d647b65d1fcc2bbf4378b30a7e898f14260d9	TestVideoDoorEntry::testCCTVTeleloop	756	756	QCOMPARE	1c2f3d2a4d9c60fc411503706c477f04a203e40de9f1e4e518ffd393946240f5	test_expectation_inspection	corroborates	moc-e0161	Inspected expected call/model/mock outcome corroborates historical call model; no original test pass or physical hardware result claimed.
BtExperience	b88cdac9665d28494f19d6a5d759acf8d5f00ad9	BtObjects/test/test_videodoorentry_objects.cpp	e49d3c200c8ebd70a086c902518a68c178081e2e	fb4c869e6860034b24b67b28b54d647b65d1fcc2bbf4378b30a7e898f14260d9	TestVideoDoorEntry::testCCTVTeleloop	759	759	QCOMPARE	f685c506d3a3a3f52f8428cedfa8d631117f0597d0b8334e00a657610916d6d8	test_expectation_inspection	corroborates	moc-e0161	Inspected expected call/model/mock outcome corroborates historical call model; no original test pass or physical hardware result claimed.
BtExperience	b88cdac9665d28494f19d6a5d759acf8d5f00ad9	BtObjects/test/test_videodoorentry_objects.cpp	e49d3c200c8ebd70a086c902518a68c178081e2e	fb4c869e6860034b24b67b28b54d647b65d1fcc2bbf4378b30a7e898f14260d9	TestVideoDoorEntry::testCCTVTeleloop	762	762	QCOMPARE	76ea476052a4a2bc0d2746773a7eb65d82b079953de312727b2be863e0d1658d	test_expectation_inspection	corroborates	moc-e0161	Inspected expected call/model/mock outcome corroborates historical call model; no original test pass or physical hardware result claimed.
BtExperience	b88cdac9665d28494f19d6a5d759acf8d5f00ad9	BtObjects/test/test_videodoorentry_objects.cpp	e49d3c200c8ebd70a086c902518a68c178081e2e	fb4c869e6860034b24b67b28b54d647b65d1fcc2bbf4378b30a7e898f14260d9	TestVideoDoorEntry::testCCTVTeleloop	763	763	QCOMPARE	b739d40a74eb23071e3245fd461bb0348301561f6a01582ce4df9b633df3ff3d	test_expectation_inspection	corroborates	moc-e0161	Inspected expected call/model/mock outcome corroborates historical call model; no original test pass or physical hardware result claimed.
BtExperience	b88cdac9665d28494f19d6a5d759acf8d5f00ad9	BtObjects/test/test_videodoorentry_objects.cpp	e49d3c200c8ebd70a086c902518a68c178081e2e	fb4c869e6860034b24b67b28b54d647b65d1fcc2bbf4378b30a7e898f14260d9	TestVideoDoorEntry::testCCTVTeleloop	764	764	QCOMPARE	113b04f95c964ee717ddc911ac88d085cb5407bf71809bc22d66ff5f876ebbf5	test_expectation_inspection	corroborates	moc-e0161	Inspected expected call/model/mock outcome corroborates historical call model; no original test pass or physical hardware result claimed.
BtExperience	b88cdac9665d28494f19d6a5d759acf8d5f00ad9	BtObjects/test/test_videodoorentry_objects.cpp	e49d3c200c8ebd70a086c902518a68c178081e2e	fb4c869e6860034b24b67b28b54d647b65d1fcc2bbf4378b30a7e898f14260d9	TestVideoDoorEntry::testCCTVTeleloop	765	765	QCOMPARE	7739b4204342cf1577b4b397971e7927524e72201e538bfb8d5f669e5a81ae48	test_expectation_inspection	corroborates	moc-e0161	Inspected expected call/model/mock outcome corroborates historical call model; no original test pass or physical hardware result claimed.
BtExperience	b88cdac9665d28494f19d6a5d759acf8d5f00ad9	BtObjects/test/test_videodoorentry_objects.cpp	e49d3c200c8ebd70a086c902518a68c178081e2e	fb4c869e6860034b24b67b28b54d647b65d1fcc2bbf4378b30a7e898f14260d9	TestVideoDoorEntry::testHandsFree	812	812	QCOMPARE	7be12680f570ff8db25b5ae4b66765f826e8697c59627cc4a54c04790645fec0	test_expectation_inspection	corroborates	moc-e0161	Inspected timer-active/manual-callback expectation; not observed timer expiry or a bus/physical timeout.
BtExperience	b88cdac9665d28494f19d6a5d759acf8d5f00ad9	BtObjects/test/test_videodoorentry_objects.cpp	e49d3c200c8ebd70a086c902518a68c178081e2e	fb4c869e6860034b24b67b28b54d647b65d1fcc2bbf4378b30a7e898f14260d9	TestVideoDoorEntry::testHandsFree	813	813	QCOMPARE	b739d40a74eb23071e3245fd461bb0348301561f6a01582ce4df9b633df3ff3d	test_expectation_inspection	corroborates	moc-e0161	Inspected timer-active/manual-callback expectation; not observed timer expiry or a bus/physical timeout.
BtExperience	b88cdac9665d28494f19d6a5d759acf8d5f00ad9	BtObjects/test/test_videodoorentry_objects.cpp	e49d3c200c8ebd70a086c902518a68c178081e2e	fb4c869e6860034b24b67b28b54d647b65d1fcc2bbf4378b30a7e898f14260d9	TestVideoDoorEntry::testHandsFree	814	814	QCOMPARE	113b04f95c964ee717ddc911ac88d085cb5407bf71809bc22d66ff5f876ebbf5	test_expectation_inspection	corroborates	moc-e0161	Inspected timer-active/manual-callback expectation; not observed timer expiry or a bus/physical timeout.
BtExperience	b88cdac9665d28494f19d6a5d759acf8d5f00ad9	BtObjects/test/test_videodoorentry_objects.cpp	e49d3c200c8ebd70a086c902518a68c178081e2e	fb4c869e6860034b24b67b28b54d647b65d1fcc2bbf4378b30a7e898f14260d9	TestVideoDoorEntry::testHandsFree	816	816	QVERIFY	528e4ed250a1bc94229f55f3fd36037d59e8858219ca9c8f4d819ababd1ada7e	test_expectation_inspection	corroborates	moc-e0161	Inspected timer-active/manual-callback expectation; not observed timer expiry or a bus/physical timeout.
BtExperience	b88cdac9665d28494f19d6a5d759acf8d5f00ad9	BtObjects/test/test_videodoorentry_objects.cpp	e49d3c200c8ebd70a086c902518a68c178081e2e	fb4c869e6860034b24b67b28b54d647b65d1fcc2bbf4378b30a7e898f14260d9	TestVideoDoorEntry::testHandsFree	817	817	QCOMPARE	d7051554f31e628705ea1183bfd063e2a36ccab059a77ddcf501e0efff68d012	test_expectation_inspection	corroborates	moc-e0161	Inspected timer-active/manual-callback expectation; not observed timer expiry or a bus/physical timeout.
BtExperience	b88cdac9665d28494f19d6a5d759acf8d5f00ad9	BtObjects/test/test_videodoorentry_objects.cpp	e49d3c200c8ebd70a086c902518a68c178081e2e	fb4c869e6860034b24b67b28b54d647b65d1fcc2bbf4378b30a7e898f14260d9	TestVideoDoorEntry::testHandsFree	825	825	QCOMPARE	d325379acd76f426bf1122feebcf661813869c52c3fb3afcdeb0e69cb3bdf5de	test_expectation_inspection	corroborates	moc-e0161	Inspected timer-active/manual-callback expectation; not observed timer expiry or a bus/physical timeout.
BtExperience	b88cdac9665d28494f19d6a5d759acf8d5f00ad9	BtObjects/test/test_videodoorentry_objects.cpp	e49d3c200c8ebd70a086c902518a68c178081e2e	fb4c869e6860034b24b67b28b54d647b65d1fcc2bbf4378b30a7e898f14260d9	TestVideoDoorEntry::testHandsFree	833	833	QCOMPARE	7be12680f570ff8db25b5ae4b66765f826e8697c59627cc4a54c04790645fec0	test_expectation_inspection	corroborates	moc-e0161	Inspected timer-active/manual-callback expectation; not observed timer expiry or a bus/physical timeout.
BtExperience	b88cdac9665d28494f19d6a5d759acf8d5f00ad9	BtObjects/test/test_videodoorentry_objects.cpp	e49d3c200c8ebd70a086c902518a68c178081e2e	fb4c869e6860034b24b67b28b54d647b65d1fcc2bbf4378b30a7e898f14260d9	TestVideoDoorEntry::testHandsFree	834	834	QCOMPARE	ca3bd007819263b954dbd79cdbd5cf82b7551328c7329015ed169fb04507309e	test_expectation_inspection	corroborates	moc-e0161	Inspected timer-active/manual-callback expectation; not observed timer expiry or a bus/physical timeout.
BtExperience	b88cdac9665d28494f19d6a5d759acf8d5f00ad9	BtObjects/test/test_videodoorentry_objects.cpp	e49d3c200c8ebd70a086c902518a68c178081e2e	fb4c869e6860034b24b67b28b54d647b65d1fcc2bbf4378b30a7e898f14260d9	TestVideoDoorEntry::testHandsFree	835	835	QCOMPARE	113b04f95c964ee717ddc911ac88d085cb5407bf71809bc22d66ff5f876ebbf5	test_expectation_inspection	corroborates	moc-e0161	Inspected timer-active/manual-callback expectation; not observed timer expiry or a bus/physical timeout.
BtExperience	b88cdac9665d28494f19d6a5d759acf8d5f00ad9	BtObjects/test/test_videodoorentry_objects.cpp	e49d3c200c8ebd70a086c902518a68c178081e2e	fb4c869e6860034b24b67b28b54d647b65d1fcc2bbf4378b30a7e898f14260d9	TestVideoDoorEntry::testHandsFree	841	841	QCOMPARE	76ea476052a4a2bc0d2746773a7eb65d82b079953de312727b2be863e0d1658d	test_expectation_inspection	corroborates	moc-e0161	Inspected timer-active/manual-callback expectation; not observed timer expiry or a bus/physical timeout.
BtExperience	b88cdac9665d28494f19d6a5d759acf8d5f00ad9	BtObjects/test/test_videodoorentry_objects.cpp	e49d3c200c8ebd70a086c902518a68c178081e2e	fb4c869e6860034b24b67b28b54d647b65d1fcc2bbf4378b30a7e898f14260d9	TestVideoDoorEntry::testHandsFree	842	842	QCOMPARE	b739d40a74eb23071e3245fd461bb0348301561f6a01582ce4df9b633df3ff3d	test_expectation_inspection	corroborates	moc-e0161	Inspected timer-active/manual-callback expectation; not observed timer expiry or a bus/physical timeout.
BtExperience	b88cdac9665d28494f19d6a5d759acf8d5f00ad9	BtObjects/test/test_videodoorentry_objects.cpp	e49d3c200c8ebd70a086c902518a68c178081e2e	fb4c869e6860034b24b67b28b54d647b65d1fcc2bbf4378b30a7e898f14260d9	TestVideoDoorEntry::testHandsFree	843	843	QCOMPARE	113b04f95c964ee717ddc911ac88d085cb5407bf71809bc22d66ff5f876ebbf5	test_expectation_inspection	corroborates	moc-e0161	Inspected timer-active/manual-callback expectation; not observed timer expiry or a bus/physical timeout.
BtExperience	b88cdac9665d28494f19d6a5d759acf8d5f00ad9	BtObjects/test/test_videodoorentry_objects.cpp	e49d3c200c8ebd70a086c902518a68c178081e2e	fb4c869e6860034b24b67b28b54d647b65d1fcc2bbf4378b30a7e898f14260d9	TestVideoDoorEntry::testCCTVRearmSession	861	861	QVERIFY	9804a340351655946af156477870511643b4778d0f2fd656c3c1f15c36955469	test_expectation_inspection	corroborates	moc-e0161	Inspected expected call/model/mock outcome corroborates historical call model; no original test pass or physical hardware result claimed.
BtExperience	b88cdac9665d28494f19d6a5d759acf8d5f00ad9	BtObjects/test/test_videodoorentry_objects.cpp	e49d3c200c8ebd70a086c902518a68c178081e2e	fb4c869e6860034b24b67b28b54d647b65d1fcc2bbf4378b30a7e898f14260d9	TestVideoDoorEntry::testCCTVRearmSession	862	862	QVERIFY	40e266417e58ebf394df14f197f9f504883afaa9c91338fb785a3f797a6228b9	test_expectation_inspection	corroborates	moc-e0161	Inspected expected call/model/mock outcome corroborates historical call model; no original test pass or physical hardware result claimed.
BtExperience	b88cdac9665d28494f19d6a5d759acf8d5f00ad9	BtObjects/test/test_videodoorentry_objects.cpp	e49d3c200c8ebd70a086c902518a68c178081e2e	fb4c869e6860034b24b67b28b54d647b65d1fcc2bbf4378b30a7e898f14260d9	TestVideoDoorEntry::testCCTVRearmSession	869	869	QVERIFY	2348d30b968cf41bb467e94b90045b66cdf31f40a39be041dd9770014b7d09ab	test_expectation_inspection	corroborates	moc-e0161	Inspected expected call/model/mock outcome corroborates historical call model; no original test pass or physical hardware result claimed.
BtExperience	b88cdac9665d28494f19d6a5d759acf8d5f00ad9	BtObjects/test/test_videodoorentry_objects.cpp	e49d3c200c8ebd70a086c902518a68c178081e2e	fb4c869e6860034b24b67b28b54d647b65d1fcc2bbf4378b30a7e898f14260d9	TestVideoDoorEntry::testCCTVRearmSession	870	870	QVERIFY	e281500dcb0a8e0cf3c3f51265cb1c635e5fbc8c5076b228d4be93c2b7d33cd2	test_expectation_inspection	corroborates	moc-e0161	Inspected expected call/model/mock outcome corroborates historical call model; no original test pass or physical hardware result claimed.
BtExperience	b88cdac9665d28494f19d6a5d759acf8d5f00ad9	BtObjects/test/test_videodoorentry_objects.cpp	e49d3c200c8ebd70a086c902518a68c178081e2e	fb4c869e6860034b24b67b28b54d647b65d1fcc2bbf4378b30a7e898f14260d9	TestVideoDoorEntry::testCCTVRearmSession	877	877	QVERIFY	9804a340351655946af156477870511643b4778d0f2fd656c3c1f15c36955469	test_expectation_inspection	corroborates	moc-e0161	Inspected expected call/model/mock outcome corroborates historical call model; no original test pass or physical hardware result claimed.
BtExperience	b88cdac9665d28494f19d6a5d759acf8d5f00ad9	BtObjects/test/test_videodoorentry_objects.cpp	e49d3c200c8ebd70a086c902518a68c178081e2e	fb4c869e6860034b24b67b28b54d647b65d1fcc2bbf4378b30a7e898f14260d9	TestVideoDoorEntry::testCCTVRearmSession	878	878	QVERIFY	40e266417e58ebf394df14f197f9f504883afaa9c91338fb785a3f797a6228b9	test_expectation_inspection	corroborates	moc-e0161	Inspected expected call/model/mock outcome corroborates historical call model; no original test pass or physical hardware result claimed.
BtExperience	b88cdac9665d28494f19d6a5d759acf8d5f00ad9	BtObjects/test/test_videodoorentry_objects.cpp	e49d3c200c8ebd70a086c902518a68c178081e2e	fb4c869e6860034b24b67b28b54d647b65d1fcc2bbf4378b30a7e898f14260d9	TestVideoDoorEntry::testCCTVRearmSessionAudioOnly	892	892	QVERIFY	9804a340351655946af156477870511643b4778d0f2fd656c3c1f15c36955469	test_expectation_inspection	corroborates	moc-e0161	Inspected expected call/model/mock outcome corroborates historical call model; no original test pass or physical hardware result claimed.
BtExperience	b88cdac9665d28494f19d6a5d759acf8d5f00ad9	BtObjects/test/test_videodoorentry_objects.cpp	e49d3c200c8ebd70a086c902518a68c178081e2e	fb4c869e6860034b24b67b28b54d647b65d1fcc2bbf4378b30a7e898f14260d9	TestVideoDoorEntry::testCCTVRearmSessionAudioOnly	893	893	QVERIFY	40e266417e58ebf394df14f197f9f504883afaa9c91338fb785a3f797a6228b9	test_expectation_inspection	corroborates	moc-e0161	Inspected expected call/model/mock outcome corroborates historical call model; no original test pass or physical hardware result claimed.
BtExperience	b88cdac9665d28494f19d6a5d759acf8d5f00ad9	BtObjects/test/test_videodoorentry_objects.cpp	e49d3c200c8ebd70a086c902518a68c178081e2e	fb4c869e6860034b24b67b28b54d647b65d1fcc2bbf4378b30a7e898f14260d9	TestVideoDoorEntry::testCCTVRearmSessionAudioOnly	900	900	QVERIFY	2348d30b968cf41bb467e94b90045b66cdf31f40a39be041dd9770014b7d09ab	test_expectation_inspection	corroborates	moc-e0161	Inspected expected call/model/mock outcome corroborates historical call model; no original test pass or physical hardware result claimed.
BtExperience	b88cdac9665d28494f19d6a5d759acf8d5f00ad9	BtObjects/test/test_videodoorentry_objects.cpp	e49d3c200c8ebd70a086c902518a68c178081e2e	fb4c869e6860034b24b67b28b54d647b65d1fcc2bbf4378b30a7e898f14260d9	TestVideoDoorEntry::testCCTVRearmSessionAudioOnly	901	901	QVERIFY	e281500dcb0a8e0cf3c3f51265cb1c635e5fbc8c5076b228d4be93c2b7d33cd2	test_expectation_inspection	corroborates	moc-e0161	Inspected expected call/model/mock outcome corroborates historical call model; no original test pass or physical hardware result claimed.
BtExperience	b88cdac9665d28494f19d6a5d759acf8d5f00ad9	BtObjects/test/test_videodoorentry_objects.cpp	e49d3c200c8ebd70a086c902518a68c178081e2e	fb4c869e6860034b24b67b28b54d647b65d1fcc2bbf4378b30a7e898f14260d9	TestVideoDoorEntry::testCCTVRearmSessionAudioOnly	908	908	QVERIFY	120925739ee08b4ad8f766228fa17c0742a8d7f9487249d1aebb41c4f5bb9c52	test_expectation_inspection	corroborates	moc-e0161	Inspected expected call/model/mock outcome corroborates historical call model; no original test pass or physical hardware result claimed.
BtExperience	b88cdac9665d28494f19d6a5d759acf8d5f00ad9	BtObjects/test/test_videodoorentry_objects.cpp	e49d3c200c8ebd70a086c902518a68c178081e2e	fb4c869e6860034b24b67b28b54d647b65d1fcc2bbf4378b30a7e898f14260d9	TestVideoDoorEntry::testCCTVRearmSessionAudioOnly	909	909	QVERIFY	e281500dcb0a8e0cf3c3f51265cb1c635e5fbc8c5076b228d4be93c2b7d33cd2	test_expectation_inspection	corroborates	moc-e0161	Inspected expected call/model/mock outcome corroborates historical call model; no original test pass or physical hardware result claimed.
BtExperience	b88cdac9665d28494f19d6a5d759acf8d5f00ad9	BtObjects/test/test_videodoorentry_objects.cpp	e49d3c200c8ebd70a086c902518a68c178081e2e	fb4c869e6860034b24b67b28b54d647b65d1fcc2bbf4378b30a7e898f14260d9	TestVideoDoorEntry::testCCTVTeleloopAssociate	920	920	QVERIFY	5a36d0185f5e94c2af02186c9b76f3e66e71d83e8cb59f63686ff71b14f7f46f	test_expectation_inspection	corroborates	moc-e0161	Inspected expected call/model/mock outcome corroborates historical call model; no original test pass or physical hardware result claimed.
BtExperience	b88cdac9665d28494f19d6a5d759acf8d5f00ad9	BtObjects/test/test_videodoorentry_objects.cpp	e49d3c200c8ebd70a086c902518a68c178081e2e	fb4c869e6860034b24b67b28b54d647b65d1fcc2bbf4378b30a7e898f14260d9	TestVideoDoorEntry::testCCTVTeleloopAssociate	930	930	QVERIFY	7bce2c7d9c3206545a9e25b9921ebbbd015a8d17cf0f25a9e777a941d90110a9	test_expectation_inspection	corroborates	moc-e0161	Inspected expected call/model/mock outcome corroborates historical call model; no original test pass or physical hardware result claimed.
BtExperience	b88cdac9665d28494f19d6a5d759acf8d5f00ad9	BtObjects/test/test_videodoorentry_objects.cpp	e49d3c200c8ebd70a086c902518a68c178081e2e	fb4c869e6860034b24b67b28b54d647b65d1fcc2bbf4378b30a7e898f14260d9	TestVideoDoorEntry::testCCTVTeleloopAssociate	931	931	QCOMPARE	4153846dbda21da55a4c8d35a9c64d6b3e57e6b11c1c82633133e76b0ebc79b7	test_expectation_inspection	corroborates	moc-e0161	Inspected expected call/model/mock outcome corroborates historical call model; no original test pass or physical hardware result claimed.
BtExperience	b88cdac9665d28494f19d6a5d759acf8d5f00ad9	BtObjects/test/test_videodoorentry_objects.cpp	e49d3c200c8ebd70a086c902518a68c178081e2e	fb4c869e6860034b24b67b28b54d647b65d1fcc2bbf4378b30a7e898f14260d9	TestVideoDoorEntry::testCCTVTeleloopTimeouFrame	941	941	QVERIFY	5a36d0185f5e94c2af02186c9b76f3e66e71d83e8cb59f63686ff71b14f7f46f	test_expectation_inspection	corroborates	moc-e0161	Inspected expected call/model/mock outcome corroborates historical call model; no original test pass or physical hardware result claimed.
BtExperience	b88cdac9665d28494f19d6a5d759acf8d5f00ad9	BtObjects/test/test_videodoorentry_objects.cpp	e49d3c200c8ebd70a086c902518a68c178081e2e	fb4c869e6860034b24b67b28b54d647b65d1fcc2bbf4378b30a7e898f14260d9	TestVideoDoorEntry::testCCTVTeleloopTimeouFrame	951	951	QVERIFY	7bce2c7d9c3206545a9e25b9921ebbbd015a8d17cf0f25a9e777a941d90110a9	test_expectation_inspection	corroborates	moc-e0161	Inspected expected call/model/mock outcome corroborates historical call model; no original test pass or physical hardware result claimed.
BtExperience	b88cdac9665d28494f19d6a5d759acf8d5f00ad9	BtObjects/test/test_videodoorentry_objects.cpp	e49d3c200c8ebd70a086c902518a68c178081e2e	fb4c869e6860034b24b67b28b54d647b65d1fcc2bbf4378b30a7e898f14260d9	TestVideoDoorEntry::testCCTVTeleloopTimeouFrame	952	952	QCOMPARE	edf6da047920f26e6a4b81b6ea1c0779aa715024369675ecaf85c842dc3aef5c	test_expectation_inspection	corroborates	moc-e0161	Inspected expected call/model/mock outcome corroborates historical call model; no original test pass or physical hardware result claimed.
BtExperience	b88cdac9665d28494f19d6a5d759acf8d5f00ad9	BtObjects/test/test_videodoorentry_objects.cpp	e49d3c200c8ebd70a086c902518a68c178081e2e	fb4c869e6860034b24b67b28b54d647b65d1fcc2bbf4378b30a7e898f14260d9	TestVideoDoorEntry::testCCTVTeleloopTimeouTimer	967	967	QVERIFY	5a36d0185f5e94c2af02186c9b76f3e66e71d83e8cb59f63686ff71b14f7f46f	test_expectation_inspection	corroborates	moc-e0161	Inspected timer-active/manual-callback expectation; not observed timer expiry or a bus/physical timeout.
BtExperience	b88cdac9665d28494f19d6a5d759acf8d5f00ad9	BtObjects/test/test_videodoorentry_objects.cpp	e49d3c200c8ebd70a086c902518a68c178081e2e	fb4c869e6860034b24b67b28b54d647b65d1fcc2bbf4378b30a7e898f14260d9	TestVideoDoorEntry::testCCTVTeleloopTimeouTimer	976	976	QVERIFY	7bce2c7d9c3206545a9e25b9921ebbbd015a8d17cf0f25a9e777a941d90110a9	test_expectation_inspection	corroborates	moc-e0161	Inspected timer-active/manual-callback expectation; not observed timer expiry or a bus/physical timeout.
BtExperience	b88cdac9665d28494f19d6a5d759acf8d5f00ad9	BtObjects/test/test_videodoorentry_objects.cpp	e49d3c200c8ebd70a086c902518a68c178081e2e	fb4c869e6860034b24b67b28b54d647b65d1fcc2bbf4378b30a7e898f14260d9	TestVideoDoorEntry::testCCTVTeleloopTimeouTimer	977	977	QCOMPARE	edf6da047920f26e6a4b81b6ea1c0779aa715024369675ecaf85c842dc3aef5c	test_expectation_inspection	corroborates	moc-e0161	Inspected timer-active/manual-callback expectation; not observed timer expiry or a bus/physical timeout.
