source_id	url	sha256	bytes	scope	disposition
CF001	https://dar.bticino.it/asset/Documents/MQ00283_c_IT.pdf	911ec932ad94387a141badbc9d699755d4d7aa19e0488e81e427b9a441f2bdaa	245720	f428.pdf	incorporated-scoped-functions
CF002	https://dar.bticino.com/asset/Documents/ST_00000893_EN.pdf	f59a4f84982b8d0040f7824acbe4be8125f877d93d28aa6f8bf27fe4ec6892a0	266989	f411u2.pdf	incorporated-scoped-functions
CF003	https://dar.bticino.com/asset/Documents/MQ00179_c_EN.pdf	0898672f2b160b86e4c760bb696f5bda73be69ea59fc9cf33ed7694d62dd83d9	283964	probe.pdf	incorporated-scoped-functions
CF004	https://www.bticino.com/sites/default/files/2024-02/HRM_SCS_Guide%20AD_EXOD18SAG_GB.pdf	2e8b52836a644b6726555eb523b3f5fe8bce39419c0f096c035baae0b1a38d40	29603627	guide.pdf	corroborates-or-discovery-navigation-no-additional-wire-claims
CF005	https://dar.bticino.it/asset/Documents/RA00168AA_IT.pdf	be1b546fc1d49edad41d727ca7c5ed731d40eb101c384e098bcd9f2c33e6cf4c	11820263	voice.pdf	incorporated-scoped-functions
CF006	https://myhomeswupdate.bticino.com/MyHOMESuite_Docs/MHS_function_0304b/IT_MHS_function_0304/index.html	c2055e8a8348c1563b0fea8b6cec4bfa58bfda1c0e12ed0514f3b4d0f27ce711	14960	index-it.html	corroborates-or-discovery-navigation-no-additional-wire-claims
CF007	https://myhomeswupdate.bticino.com/MyHOMESuite_Docs/MHS_function_0304b/EN_MHS_function_0304/attuatore_automazione.html	720582e1a5968793f696c4989444fdceb83d57f0449bf95aa0ebf64222597ed8	17296	automation.html	incorporated-scoped-functions
CF008	https://myhomeswupdate.bticino.com/MyHOMESuite_Docs/MHS_function_0304b/EN_MHS_function_0304/modalita_attuatore_luci.html	1a6107a2d6de8fce5376f10c06fe09361f028cc482655212f83dcbc7e73205d8	26905	lighting.html	incorporated-scoped-functions
CF009	https://myhomeswupdate.bticino.com/MyHOMESuite_Docs/MHS_function_0304b/EN_MHS_function_0304/modalita_comando_luce.html	5448734df2f1d8baff63fcbd013ecc7ee90f3a30b6a12d627ad7e7b62cf687ca	110892	modalita_comando_luce.html	incorporated-scoped-functions
CF010	https://myhomeswupdate.bticino.com/MyHOMESuite_Docs/MHS_function_0304b/EN_MHS_function_0304/modalita_comando_automazione.html	f37175ef1b330bd6e32a2be5a26360f0fcaaaea8ccd0635d0dee44f3aa6ef18a	20197	modalita_comando_automazione.html	incorporated-scoped-functions
CF011	https://myhomeswupdate.bticino.com/MyHOMESuite_Docs/MHS_function_0304b/EN_MHS_function_0304/modalita_blocco_sblocco_attuatore.html	b9719c83e33e70eb1749687c13ba0140ab3772f593ed5a4b747aa5b37adbd255	17353	modalita_blocco_sblocco_attuatore.html	corroborates-or-discovery-navigation-no-additional-wire-claims
CF012	https://myhomeswupdate.bticino.com/MyHOMESuite_Docs/MHS_function_0304b/EN_MHS_function_0304/modalita_attuatore_tapparelle.html	a3a066b242e0604bb3483621dd7e978b2700e4949bdfe8cf06c896fc0a0f7546	15841	modalita_attuatore_tapparelle.html	incorporated-scoped-functions
CF013	https://myhomeswupdate.bticino.com/MyHOMESuite_Docs/MHS_function_0304b/EN_MHS_function_0304/modalita_attuatore_dimmer.html	f95fcac26108451ee54ebe3c279bb326beb864dad18e5444a3928e88335fd2e7	117393	modalita_attuatore_dimmer.html	incorporated-scoped-functions
CF014	https://myhomeswupdate.bticino.com/MyHOMESuite_Docs/MHS_function_0304b/EN_MHS_function_0304/modalita_comando_modulo_scenari.html	cc0195a6ee496e5d43477b089e6684a6f2f3d71ef4d3d0413d95a87495f7819a	14962	modalita_comando_modulo_scenari.html	corroborates-or-discovery-navigation-no-additional-wire-claims
CF015	https://myhomeswupdate.bticino.com/MyHOMESuite_Docs/MHS_function_0304b/EN_MHS_function_0304/scenari.html	faa914cb83e0f95ac69b51f5cd416dc5b11afacfb32d8eab57ff395b6c67d02e	16288	scenari.html	corroborates-or-discovery-navigation-no-additional-wire-claims
CF016	https://myhomeswupdate.bticino.com/MyHOMESuite_Docs/MHS_function_0304b/EN_MHS_function_0304/modalita_diffusonora.html	c5a351cb83e85f9639307feeb9ea79d84a0e3c09ee3b18880349abbef2826ba9	4718	modalita_diffusonora.html	corroborates-or-discovery-navigation-no-additional-wire-claims
CF017	https://myhomeswupdate.bticino.com/MyHOMESuite_Docs/MHS_function_0304b/EN_MHS_function_0304/termoregolazione.html	e3094c21e564c801df7e06c27cc015ea3f0bd30d2f30344b02d16e64bcf69de0	18677	termoregolazione.html	corroborates-or-discovery-navigation-no-additional-wire-claims
CF018	https://myhomeswupdate.bticino.com/MyHOMESuite_Docs/MHS_function_0304b/EN_MHS_function_0304/attuatori_termo.html	dad82bd8b5b7e25ffcbc2399c346fe816ed8c5df28a095a8c881682aafa9197a	18708	attuatori_termo.html	corroborates-or-discovery-navigation-no-additional-wire-claims
CF019	https://myhomeswupdate.bticino.com/MyHOMESuite_Docs/MHS_function_0304b/EN_MHS_function_0304/controllo-carichi.html	671335fa0e2437b3e60560b0726c2927fa46d0bc5d986cc92b13b45988233f45	10652	controllo-carichi.html	corroborates-or-discovery-navigation-no-additional-wire-claims
CF020	https://myhomeswupdate.bticino.com/MyHOMESuite_Docs/MHS_function_0304b/EN_MHS_function_0304/gestione-energia.html	4009cb8fb79f62b23ecd043457d96a164b722873fb691591827d0e5844cb7214	6798	gestione-energia.html	corroborates-or-discovery-navigation-no-additional-wire-claims
CF021	https://myhomeswupdate.bticino.com/MyHOMESuite_Docs/MHS_function_0304b/EN_MHS_function_0304/videocitofonia.html	47785c937a430c7290c5209252c25012fb33011521842e2a0c2daa99911495f6	16861	videocitofonia.html	corroborates-or-discovery-navigation-no-additional-wire-claims
CF022	https://dar.bticino.com/asset/Documents/ST_00000902_EN.pdf	8c6d26613e55e300cb23b3e855c5fb6e8ad26bf15e28b0416ef5d6b2caa69565	351622	f430.pdf	incorporated-scoped-functions
CF023	https://dar.bticino.com/asset/Documents/MQ00280_f_EN.pdf	16ddee94af03d514235d5d4c0e781be9bea0a5973b7dfbbf8dfe8e195a731b6e	810290	f422.pdf	incorporated-scoped-functions
CF024	https://dar.bticino.com/asset/Documents/MQ00358_d_EN.pdf	1eddc8dd65584cb4014e8e8f7b4034195b347714e190fa5d2f144e3b76265216	195531	f520.pdf	incorporated-scoped-functions
CF025	https://assets.legrand.com/pim/NP-FT-GT/LE06852AC.pdf	a4f98c1c31410329270efb139d07063673e7106c5dbbd918965bbacf7c758234	292393	pulse.pdf	incorporated-scoped-functions
CF026	https://dar.bticino.com/asset/Documents/MQ00591_c_EN.pdf	ac33204e4e677fd8178fcb01cfa8c6a2253819b273bfa956c3916a9d95e5a567	122742	shutter-command.pdf	incorporated-scoped-functions
CF027	https://dar.bticino.com/asset/Documents/MM00789_b_EN.pdf	eead45860c389c7bd4063c68bd8c1790407398b1b43e5554dfb0944f6bae7108	180919	thermostat.pdf	incorporated-scoped-functions
CF028	https://dar.bticino.com/asset/Documents/MM00774_b_EN.pdf	8e26a521c7eb27d3d4dfce71fceaeb87badeeda3110a8331ca6c4d08e83d5ec4	394911	hotel-indicator.pdf	incorporated-scoped-functions
CF029	https://assets.legrand.com/general/legrand-exp/np-ft-gt/mq00271-c-uk.pdf	b933c783a5d30495b2c1cb05a022797f7b774a8e11f4fe5ffff9d46dae050adb	555411	f503.pdf	incorporated-scoped-functions
CF030	https://dar.bticino.com/asset/Documents/ST_00000691_EN.pdf	8b4a4a13cfa16ef13c966c4861d76c5dbb7d2267a61ecc42de9854b31a375dc0	4627392	door-internal.pdf	incorporated-scoped-functions
CF031	https://configuratoren.legrand.nl/documize/2015/10/20151002_111284_1.pdf	f0a3ab85885b87fff8077d2edb06d9977e2030e03e6efe3776280c474d75d651	380965	special-control.pdf	incorporated-scoped-functions
CF032	https://dar.bticino.com/asset/Documents/ST_00000896_EN.pdf	f31ca3b29c75fc69881f4d2ed3744435c10b83bad181a5ce4fb3e55a08509def	213142	f4114.pdf	incorporated-scoped-functions
CF033	https://dar.bticino.com/asset/Documents/MM00297_c_EN.pdf	bd3a2ab2b78360677424609bbd4fbeca5ca2e9f4c6692eec614a1f84f1559d66	1291865	sensor.pdf	incorporated-scoped-functions
CF034	https://dar.bticino.it/asset/Documents/LE08838AC.pdf	3121feb2b3b6f630c0ec8405c5fcac2356d7c16e0bf4a89ca55f52b1ca4fba80	1053204	kit.pdf	incorporated-scoped-functions
CF035	https://leonardocanducci.org/wiki/tp3/_media/guida_myhome_bticino.pdf	ef567b87586483244a5c076aba822ffcf81c77ccedde472de94cf7eb843d4448	4331445	legacy-guide.pdf	incorporated-scoped-functions
CF036	https://assets.legrand.com/pim/NP-FT-GT/ST-00000684-EN.pdf	630526f13a9a76f90a1be5af74f64bdff012d6b80f8735f0543aebfa64c74655	355789	keypad.pdf	incorporated-scoped-functions
CF037	https://dar.bticino.com/asset/Documents/MQ00035_c_EN.pdf	44ac482c28ccc89c820052a38ee989a1ea740b70cf25938f7dd2ce0135eac830	171049	alarm-sensor.pdf	incorporated-scoped-functions
CF038	https://dar.bticino.com/asset/Documents/MM00771_a_EN.pdf	d271cc73c58bd7350c84c8f295751041a5ec789c415133103dafd8d4583e5449	879767	keycard.pdf	incorporated-scoped-functions
CF039	https://www.bticino.com/products/smart-home-and-home-automation-systems/home-automation-system-myhome-bus-solutions/common-wiring-devices-interfaces-and-accessories	68e20ddc969ef993709c236b69eb2653b7c8bef2ca281952824b9bb38e702c25	329193	accessories.html	Corroborates physical configurator product vocabulary; live manufacturer accessory catalogue
